# https://github.com/mikedh/trimesh
v 0.26603373 -0.08969045 0.65586564
v 0.26516729 -0.08099633 0.65851333
v 0.26516729 -0.08099633 0.65851333
v 0.27402374 -0.08099633 0.66139260
v 0.27487996 -0.08969045 0.65874156
v 0.26808099 -0.08608688 0.64956939
v 0.26808099 -0.08608688 0.64956939
v 0.26627882 -0.07913668 0.65509509
v 0.26627882 -0.07913668 0.65509509
v 0.26627882 -0.07913668 0.65509509
v 0.26627882 -0.07913668 0.65509509
v 0.27513488 -0.07913669 0.65797419
v 0.27513488 -0.07913669 0.65797419
v 0.27692659 -0.08608688 0.65244508
v 0.27692659 -0.08608688 0.65244508
v 0.26961085 -0.07976986 0.64486144
v 0.26711793 -0.07546469 0.65251552
v 0.26711793 -0.07546469 0.65251552
v 0.27597305 -0.07546469 0.65539437
v 0.27845771 -0.07976986 0.64773752
v 0.27041173 -0.07189181 0.64239479
v 0.26761251 -0.07007296 0.65099466
v 0.26761251 -0.07007296 0.65099466
v 0.27646732 -0.07007295 0.65387336
v 0.27926040 -0.07189181 0.64527151
v 0.25471324 -0.09078416 0.69329673
v 0.25471324 -0.08148082 0.69329673
v 0.25471324 -0.08148082 0.69329673
v 0.26387776 -0.08147667 0.69388953
v 0.26387776 -0.09078831 0.69388953
v 0.25533669 -0.09078342 0.70034041
v 0.25533667 -0.08148156 0.70034046
v 0.25533667 -0.08148156 0.70034046
v 0.26408178 -0.08147645 0.69785973
v 0.26408178 -0.09078853 0.69785973
v 0.25859351 -0.09078342 0.70673488
v 0.25859351 -0.08148156 0.70673488
v 0.25859351 -0.08148156 0.70673488
v 0.26574253 -0.08147645 0.70112038
v 0.26574253 -0.09078853 0.70112038
v 0.26398423 -0.09078400 0.71140284
v 0.26398200 -0.08148164 0.71140243
v 0.26398200 -0.08148164 0.71140243
v 0.26887765 -0.08147485 0.70363513
v 0.26887997 -0.09079044 0.70363659
v 0.32171970 -0.07189184 0.73102030
v 0.31311786 -0.07007298 0.72822721
v 0.31311786 -0.07007298 0.72822721
v 0.31599655 -0.07007298 0.71937242
v 0.32459645 -0.07189184 0.72217161
v 0.31925367 -0.07976987 0.73021760
v 0.31159685 -0.07546470 0.72773293
v 0.31159685 -0.07546470 0.72773293
v 0.31447564 -0.07546470 0.71887779
v 0.32212974 -0.07976988 0.72137077
v 0.31454612 -0.08608690 0.72868644
v 0.30901704 -0.07913671 0.72689472
v 0.30901704 -0.07913671 0.72689472
v 0.31189611 -0.07913670 0.71803869
v 0.31742181 -0.08608690 0.71984082
v 0.30818717 -0.08969411 0.72661872
v 0.30555348 -0.08099713 0.72577129
v 0.30555348 -0.08099713 0.72577129
v 0.30843598 -0.08099651 0.71691150
v 0.31106401 -0.08969434 0.71777497
v 0.27063785 0.00021622 0.64169253
v 0.26775984 0.00021622 0.65054518
v 0.26775984 0.00021622 0.65054518
v 0.27661248 0.00021622 0.65342320
v 0.27949056 0.00021622 0.64457051
v 0.32242067 0.00021620 0.73125044
v 0.31356798 0.00021620 0.72837238
v 0.31356798 0.00021620 0.72837238
v 0.31644597 0.00021621 0.71951973
v 0.32529870 0.00021621 0.72239769
v 0.26393432 -0.08534595 0.65664981
v 0.26943437 -0.07935852 0.66044864
v 0.27611687 -0.08534595 0.66061039
v 0.27061902 -0.09132189 0.65680474
v 0.26551460 -0.08261279 0.65178891
v 0.26551460 -0.08261279 0.65178891
v 0.27036831 -0.07782896 0.65757595
v 0.27036831 -0.07782896 0.65757595
v 0.27769717 -0.08261281 0.65574947
v 0.27769717 -0.08261281 0.65574947
v 0.27284090 -0.08739143 0.64997036
v 0.27284090 -0.08739143 0.64997036
v 0.26669920 -0.07761680 0.64814494
v 0.27107683 -0.07465602 0.65539643
v 0.27888182 -0.07761680 0.65210554
v 0.27450134 -0.08057886 0.64486276
v 0.26734712 -0.07098129 0.64615194
v 0.27151361 -0.06973227 0.65405282
v 0.27952974 -0.07098129 0.65011254
v 0.27536128 -0.07223434 0.64221765
v 0.25299228 -0.08613248 0.69318692
v 0.25929416 -0.07972736 0.69359076
v 0.26560239 -0.08613247 0.69400386
v 0.25929416 -0.09253761 0.69359076
v 0.25369543 -0.08613248 0.70080643
v 0.25970727 -0.07972737 0.69909988
v 0.26572824 -0.08613247 0.69739366
v 0.25970729 -0.09253760 0.69909988
v 0.25725143 -0.08613248 0.70778827
v 0.26216703 -0.07972737 0.70392929
v 0.26708770 -0.08613247 0.70006278
v 0.26216703 -0.09253760 0.70392929
v 0.26306267 -0.08613309 0.71286021
v 0.26643024 -0.07972742 0.70752168
v 0.26979839 -0.08613277 0.70217040
v 0.26643338 -0.09253754 0.70752308
v 0.31687868 -0.07098129 0.73128962
v 0.31293836 -0.06973227 0.72327353
v 0.32083919 -0.07098131 0.71910701
v 0.32477355 -0.07223438 0.72712112
v 0.31488568 -0.07761683 0.73064169
v 0.31159478 -0.07465603 0.72283674
v 0.31884626 -0.07761683 0.71845906
v 0.32212842 -0.08057889 0.72626120
v 0.31124168 -0.08261283 0.72945705
v 0.30941528 -0.07782897 0.72212816
v 0.31520224 -0.08261281 0.71727442
v 0.31702090 -0.08739145 0.72460078
v 0.30632703 -0.08534931 0.72785917
v 0.30650238 -0.07935616 0.72118141
v 0.31028998 -0.08534890 0.71567756
v 0.31012080 -0.09132566 0.72235811
v 0.26753385 0.00021622 0.64557756
v 0.27164490 0.00021622 0.65364923
v 0.27971653 0.00021622 0.64953818
v 0.27560548 0.00021622 0.64146654
v 0.31745302 0.00021620 0.73147641
v 0.31334199 0.00021621 0.72340478
v 0.32141360 0.00021621 0.71929376
v 0.32552473 0.00021620 0.72736541
v 0.26603370 0.09012288 0.65586568
v 0.26516733 0.08142877 0.65851338
v 0.26516733 0.08142877 0.65851338
v 0.27402372 0.08142877 0.66139263
v 0.27487999 0.09012287 0.65874160
v 0.26808101 0.08651932 0.64956944
v 0.26627880 0.07956912 0.65509510
v 0.26627880 0.07956912 0.65509510
v 0.27513485 0.07956912 0.65797422
v 0.27692658 0.08651932 0.65244510
v 0.26961089 0.08020230 0.64486145
v 0.26711791 0.07589711 0.65251555
v 0.26711791 0.07589711 0.65251555
v 0.27597303 0.07589711 0.65539440
v 0.27845768 0.08020230 0.64773755
v 0.27041171 0.07232424 0.64239480
v 0.26761255 0.07050540 0.65099470
v 0.26761255 0.07050540 0.65099470
v 0.27646734 0.07050538 0.65387341
v 0.27926044 0.07232424 0.64527156
v 0.25471328 0.09121657 0.69329677
v 0.25471328 0.08191324 0.69329677
v 0.25471328 0.08191324 0.69329677
v 0.26387773 0.08190908 0.69388956
v 0.26387773 0.09122072 0.69388956
v 0.25533667 0.09121583 0.70034043
v 0.25533665 0.08191398 0.70034049
v 0.25533665 0.08191398 0.70034049
v 0.26408181 0.08190887 0.69785975
v 0.26408181 0.09122094 0.69785975
v 0.25859350 0.09121583 0.70673491
v 0.25859350 0.08191398 0.70673491
v 0.25859350 0.08191398 0.70673491
v 0.26574256 0.08190887 0.70112039
v 0.26574256 0.09122094 0.70112039
v 0.26398426 0.09121641 0.71140289
v 0.26398205 0.08191405 0.71140245
v 0.26398205 0.08191405 0.71140245
v 0.26887762 0.08190726 0.70363516
v 0.26887994 0.09122286 0.70363662
v 0.32171970 0.07232422 0.73102031
v 0.31311783 0.07050536 0.72822724
v 0.31311783 0.07050536 0.72822724
v 0.31599653 0.07050538 0.71937244
v 0.32459643 0.07232424 0.72217164
v 0.31925365 0.08020229 0.73021761
v 0.31159688 0.07589710 0.72773298
v 0.31159688 0.07589710 0.72773298
v 0.31447562 0.07589710 0.71887781
v 0.32212978 0.08020228 0.72137078
v 0.31454610 0.08651931 0.72868646
v 0.30901701 0.07956909 0.72689475
v 0.30901701 0.07956909 0.72689475
v 0.31189609 0.07956910 0.71803873
v 0.31742184 0.08651932 0.71984087
v 0.30818719 0.09012649 0.72661880
v 0.30555346 0.08142952 0.72577130
v 0.30555346 0.08142952 0.72577130
v 0.30843598 0.08142891 0.71691150
v 0.31106405 0.09012675 0.71777498
v 0.26393430 0.08577838 0.65664984
v 0.26943435 0.07979095 0.66044868
v 0.27611685 0.08577838 0.66061042
v 0.27061900 0.09175432 0.65680477
v 0.26551458 0.08304523 0.65178891
v 0.27036829 0.07826139 0.65757598
v 0.27769721 0.08304524 0.65574951
v 0.27284088 0.08782386 0.64997035
v 0.26669918 0.07804923 0.64814496
v 0.27107688 0.07508845 0.65539647
v 0.27888186 0.07804923 0.65210555
v 0.27450132 0.08101130 0.64486279
v 0.26734710 0.07141372 0.64615197
v 0.27151365 0.07016470 0.65405287
v 0.27952980 0.07141372 0.65011256
v 0.27536126 0.07266678 0.64221767
v 0.25299226 0.08656490 0.69318692
v 0.25929418 0.08015978 0.69359081
v 0.26560236 0.08656490 0.69400389
v 0.25929418 0.09297003 0.69359081
v 0.25369547 0.08656490 0.70080647
v 0.25970725 0.08015979 0.69909992
v 0.26572828 0.08656490 0.69739370
v 0.25970725 0.09297001 0.69909992
v 0.25725141 0.08656490 0.70778830
v 0.26216705 0.08015979 0.70392934
v 0.26708768 0.08656490 0.70006278
v 0.26216705 0.09297001 0.70392934
v 0.26306271 0.08656550 0.71286025
v 0.26643029 0.08015984 0.70752172
v 0.26979837 0.08656519 0.70217043
v 0.26643342 0.09296996 0.70752313
v 0.31687865 0.07141370 0.73128965
v 0.31293840 0.07016468 0.72327359
v 0.32083923 0.07141373 0.71910702
v 0.32477354 0.07266676 0.72712114
v 0.31488566 0.07804923 0.73064172
v 0.31159478 0.07508843 0.72283674
v 0.31884624 0.07804924 0.71845909
v 0.32212844 0.08101130 0.72626125
v 0.31124174 0.08304521 0.72945707
v 0.30941526 0.07826138 0.72212816
v 0.31520230 0.08304521 0.71727447
v 0.31702088 0.08782385 0.72460080
v 0.30632703 0.08578169 0.72785917
v 0.30650236 0.07978857 0.72118142
v 0.31029002 0.08578131 0.71567758
v 0.31012079 0.09175806 0.72235814
v 0.00020286 0.00001987 0.00000000
v 0.00020286 0.25948339 0.90615993
v 0.00020286 0.25948339 0.90615993
v 0.04079191 0.25628900 0.90615993
v 0.04079191 0.25628900 0.90615993
v 0.08038149 0.24678437 0.90615993
v 0.08038149 0.24678437 0.90615993
v 0.11799683 0.23120356 0.90615993
v 0.11799683 0.23120356 0.90615993
v 0.15271169 0.20993028 0.90615993
v 0.15271169 0.20993028 0.90615993
v 0.18367129 0.18348830 0.90615993
v 0.18367129 0.18348830 0.90615993
v 0.21011326 0.15252870 0.90615993
v 0.21011326 0.15252870 0.90615993
v 0.23138655 0.11781385 0.90615993
v 0.23138655 0.11781385 0.90615993
v 0.24696736 0.08019851 0.90615993
v 0.24696736 0.08019851 0.90615993
v 0.25647198 0.04060892 0.90615993
v 0.25647198 0.04060892 0.90615993
v 0.25966637 0.00001987 0.90615993
v 0.25966637 0.00001987 0.90615993
v 0.25647198 -0.04056918 0.90615993
v 0.25647198 -0.04056918 0.90615993
v 0.24696736 -0.08015877 0.90615993
v 0.24696736 -0.08015877 0.90615993
v 0.23138655 -0.11777411 0.90615993
v 0.23138655 -0.11777411 0.90615993
v 0.21011326 -0.15248896 0.90615993
v 0.21011326 -0.15248896 0.90615993
v 0.18367129 -0.18344856 0.90615993
v 0.18367129 -0.18344856 0.90615993
v 0.15271169 -0.20989054 0.90615993
v 0.15271169 -0.20989054 0.90615993
v 0.11799683 -0.23116382 0.90615993
v 0.11799683 -0.23116382 0.90615993
v 0.08038149 -0.24674463 0.90615993
v 0.08038149 -0.24674463 0.90615993
v 0.04079191 -0.25624926 0.90615993
v 0.04079191 -0.25624926 0.90615993
v 0.00020286 -0.25944365 0.90615993
v 0.00020286 -0.25944365 0.90615993
v -0.04038620 -0.25624926 0.90615993
v -0.04038620 -0.25624926 0.90615993
v -0.07997579 -0.24674463 0.90615993
v -0.07997579 -0.24674463 0.90615993
v -0.11759113 -0.23116382 0.90615993
v -0.11759113 -0.23116382 0.90615993
v -0.15230597 -0.20989054 0.90615993
v -0.15230597 -0.20989054 0.90615993
v -0.15230597 -0.20989054 0.90615993
v -0.18326558 -0.18344856 0.90615993
v -0.18326558 -0.18344856 0.90615993
v -0.20970755 -0.15248896 0.90615993
v -0.20970755 -0.15248896 0.90615993
v -0.23098083 -0.11777411 0.90615993
v -0.23098083 -0.11777411 0.90615993
v -0.24656164 -0.08015877 0.90615993
v -0.24656164 -0.08015877 0.90615993
v -0.25606628 -0.04056918 0.90615993
v -0.25606628 -0.04056918 0.90615993
v -0.25926067 0.00001987 0.90615993
v -0.25926067 0.00001987 0.90615993
v -0.25606628 0.04060892 0.90615993
v -0.25606628 0.04060892 0.90615993
v -0.24656164 0.08019851 0.90615993
v -0.24656164 0.08019851 0.90615993
v -0.23098083 0.11781385 0.90615993
v -0.23098083 0.11781385 0.90615993
v -0.20970755 0.15252870 0.90615993
v -0.20970755 0.15252870 0.90615993
v -0.18326558 0.18348830 0.90615993
v -0.18326558 0.18348830 0.90615993
v -0.15230597 0.20993028 0.90615993
v -0.15230597 0.20993028 0.90615993
v -0.11759113 0.23120356 0.90615993
v -0.11759113 0.23120356 0.90615993
v -0.07997579 0.24678437 0.90615993
v -0.07997579 0.24678437 0.90615993
v -0.04038620 0.25628900 0.90615993
v -0.04038620 0.25628900 0.90615993
v 0.00020286 0.26924138 0.07988788
v 0.00020286 0.26924138 0.07988788
v 0.04231839 0.26592683 0.07988788
v 0.04231839 0.26592683 0.07988788
v 0.08339689 0.25606476 0.07988788
v 0.08339689 0.25606476 0.07988788
v 0.12242689 0.23989800 0.07988788
v 0.12242689 0.23989800 0.07988788
v 0.15844728 0.21782466 0.07988788
v 0.15844728 0.21782466 0.07988788
v 0.19057122 0.19038824 0.07988788
v 0.19057122 0.19038824 0.07988788
v 0.21800764 0.15826429 0.07988788
v 0.21800764 0.15826429 0.07988788
v 0.24008099 0.12224390 0.07988788
v 0.24008099 0.12224390 0.07988788
v 0.25624774 0.08321390 0.07988788
v 0.25624774 0.08321390 0.07988788
v 0.26610982 0.04213540 0.07988788
v 0.26610982 0.04213540 0.07988788
v 0.26942437 0.00001987 0.07988788
v 0.26942437 0.00001987 0.07988788
v 0.26610982 -0.04209566 0.07988788
v 0.26610982 -0.04209566 0.07988788
v 0.25624774 -0.08317416 0.07988788
v 0.25624774 -0.08317416 0.07988788
v 0.24008099 -0.12220416 0.07988788
v 0.24008099 -0.12220416 0.07988788
v 0.21800764 -0.15822456 0.07988788
v 0.21800764 -0.15822456 0.07988788
v 0.19057122 -0.19034851 0.07988788
v 0.19057122 -0.19034851 0.07988788
v 0.15844728 -0.21778492 0.07988788
v 0.15844728 -0.21778492 0.07988788
v 0.12242689 -0.23985826 0.07988788
v 0.12242689 -0.23985826 0.07988788
v 0.08339689 -0.25602503 0.07988788
v 0.08339689 -0.25602503 0.07988788
v 0.04231839 -0.26588710 0.07988788
v 0.04231839 -0.26588710 0.07988788
v 0.00020286 -0.26920164 0.07988788
v 0.00020286 -0.26920164 0.07988788
v -0.04191268 -0.26588710 0.07988788
v -0.04191268 -0.26588710 0.07988788
v -0.08299117 -0.25602503 0.07988788
v -0.08299117 -0.25602503 0.07988788
v -0.12202117 -0.23985826 0.07988788
v -0.12202117 -0.23985826 0.07988788
v -0.15804157 -0.21778492 0.07988788
v -0.15804157 -0.21778492 0.07988788
v -0.15804157 -0.21778492 0.07988788
v -0.15804157 -0.21778492 0.07988788
v -0.19016552 -0.19034851 0.07988788
v -0.19016552 -0.19034851 0.07988788
v -0.21760194 -0.15822456 0.07988788
v -0.21760194 -0.15822456 0.07988788
v -0.23967528 -0.12220416 0.07988788
v -0.23967528 -0.12220416 0.07988788
v -0.25584204 -0.08317416 0.07988788
v -0.25584204 -0.08317416 0.07988788
v -0.26570410 -0.04209566 0.07988788
v -0.26570410 -0.04209566 0.07988788
v -0.26901865 0.00001987 0.07988788
v -0.26901865 0.00001987 0.07988788
v -0.26570410 0.04213540 0.07988788
v -0.26570410 0.04213540 0.07988788
v -0.25584204 0.08321390 0.07988788
v -0.25584204 0.08321390 0.07988788
v -0.23967528 0.12224390 0.07988788
v -0.23967528 0.12224390 0.07988788
v -0.21760194 0.15826429 0.07988788
v -0.21760194 0.15826429 0.07988788
v -0.19016552 0.19038824 0.07988788
v -0.19016552 0.19038824 0.07988788
v -0.15804157 0.21782466 0.07988788
v -0.15804157 0.21782466 0.07988788
v -0.12202117 0.23989800 0.07988788
v -0.12202117 0.23989800 0.07988788
v -0.08299117 0.25606476 0.07988788
v -0.08299117 0.25606476 0.07988788
v -0.04191268 0.26592683 0.07988788
v -0.04191268 0.26592683 0.07988788
v 0.04234959 0.26612388 0.06423956
v 0.04234959 0.26612388 0.06423956
v 0.08345854 0.25625452 0.06423956
v 0.08345854 0.25625452 0.06423956
v 0.12251746 0.24007576 0.06423956
v 0.12251746 0.24007576 0.06423956
v 0.15856458 0.21798607 0.06423956
v 0.15856458 0.21798607 0.06423956
v 0.19071230 0.19052931 0.06423956
v 0.19071230 0.19052931 0.06423956
v 0.21816906 0.15838159 0.06423956
v 0.21816906 0.15838159 0.06423956
v 0.24025875 0.12233448 0.06423956
v 0.24025875 0.12233448 0.06423956
v 0.25643751 0.08327556 0.06423956
v 0.25643751 0.08327556 0.06423956
v 0.26630686 0.04216661 0.06423956
v 0.26630686 0.04216661 0.06423956
v 0.26962390 0.00001987 0.06423956
v 0.26962390 0.00001987 0.06423956
v 0.26630686 -0.04212687 0.06423956
v 0.26630686 -0.04212687 0.06423956
v 0.25643751 -0.08323582 0.06423956
v 0.25643751 -0.08323582 0.06423956
v 0.24025875 -0.12229474 0.06423956
v 0.24025875 -0.12229474 0.06423956
v 0.21816906 -0.15834186 0.06423956
v 0.21816906 -0.15834186 0.06423956
v 0.19071230 -0.19048957 0.06423956
v 0.19071230 -0.19048957 0.06423956
v 0.15856458 -0.21794633 0.06423956
v 0.15856458 -0.21794633 0.06423956
v 0.12251746 -0.24003603 0.06423956
v 0.12251746 -0.24003603 0.06423956
v 0.08345854 -0.25621479 0.06423956
v 0.08345854 -0.25621479 0.06423956
v 0.04234959 -0.26608414 0.06423956
v 0.04234959 -0.26608414 0.06423956
v 0.00020286 -0.26940117 0.06423956
v 0.00020286 -0.26940117 0.06423956
v -0.04194389 -0.26608414 0.06423956
v -0.04194389 -0.26608414 0.06423956
v -0.08305283 -0.25621479 0.06423956
v -0.08305283 -0.25621479 0.06423956
v -0.12211175 -0.24003603 0.06423956
v -0.12211175 -0.24003603 0.06423956
v -0.15815886 -0.21794633 0.06423956
v -0.15815886 -0.21794633 0.06423956
v -0.15815886 -0.21794633 0.06423956
v -0.15815886 -0.21794633 0.06423956
v -0.19030658 -0.19048957 0.06423956
v -0.19030658 -0.19048957 0.06423956
v -0.21776334 -0.15834186 0.06423956
v -0.21776334 -0.15834186 0.06423956
v -0.23985304 -0.12229474 0.06423956
v -0.23985304 -0.12229474 0.06423956
v -0.25603180 -0.08323582 0.06423956
v -0.25603180 -0.08323582 0.06423956
v -0.26590116 -0.04212687 0.06423956
v -0.26590116 -0.04212687 0.06423956
v -0.26921818 0.00001987 0.06423956
v -0.26921818 0.00001987 0.06423956
v -0.26590116 0.04216661 0.06423956
v -0.26590116 0.04216661 0.06423956
v -0.25603180 0.08327556 0.06423956
v -0.25603180 0.08327556 0.06423956
v -0.23985304 0.12233448 0.06423956
v -0.23985304 0.12233448 0.06423956
v -0.21776334 0.15838159 0.06423956
v -0.21776334 0.15838159 0.06423956
v -0.19030658 0.19052931 0.06423956
v -0.19030658 0.19052931 0.06423956
v -0.15815886 0.21798607 0.06423956
v -0.15815886 0.21798607 0.06423956
v -0.12211175 0.24007576 0.06423956
v -0.12211175 0.24007576 0.06423956
v -0.08305283 0.25625452 0.06423956
v -0.08305283 0.25625452 0.06423956
v -0.04194389 0.26612388 0.06423956
v -0.04194389 0.26612388 0.06423956
v 0.00020286 0.26944091 0.06423956
v 0.00020286 0.26944091 0.06423956
v 0.00020286 0.27571350 0.00000000
v 0.00020286 0.27571350 0.00000000
v 0.04333085 0.27231924 0.00000000
v 0.04333085 0.27231924 0.00000000
v 0.08539687 0.26222010 0.00000000
v 0.08539687 0.26222010 0.00000000
v 0.12536515 0.24566471 0.00000000
v 0.12536515 0.24566471 0.00000000
v 0.16225151 0.22306070 0.00000000
v 0.16225151 0.22306070 0.00000000
v 0.19514768 0.19496470 0.00000000
v 0.19514768 0.19496470 0.00000000
v 0.22324368 0.16206851 0.00000000
v 0.22324368 0.16206851 0.00000000
v 0.24584769 0.12518217 0.00000000
v 0.24584769 0.12518217 0.00000000
v 0.26240309 0.08521389 0.00000000
v 0.26240309 0.08521389 0.00000000
v 0.27250223 0.04314786 0.00000000
v 0.27250223 0.04314786 0.00000000
v 0.27589649 0.00001987 0.00000000
v 0.27589649 0.00001987 0.00000000
v 0.27250223 -0.04310812 0.00000000
v 0.27250223 -0.04310812 0.00000000
v 0.26240309 -0.08517415 0.00000000
v 0.26240309 -0.08517415 0.00000000
v 0.24584769 -0.12514243 0.00000000
v 0.24584769 -0.12514243 0.00000000
v 0.22324368 -0.16202878 0.00000000
v 0.22324368 -0.16202878 0.00000000
v 0.19514768 -0.19492497 0.00000000
v 0.19514768 -0.19492497 0.00000000
v 0.16225151 -0.22302096 0.00000000
v 0.16225151 -0.22302096 0.00000000
v 0.12536515 -0.24562497 0.00000000
v 0.12536515 -0.24562497 0.00000000
v 0.08539687 -0.26218037 0.00000000
v 0.08539687 -0.26218037 0.00000000
v 0.04333085 -0.27227951 0.00000000
v 0.04333085 -0.27227951 0.00000000
v 0.00020286 -0.27567377 0.00000000
v 0.00020286 -0.27567377 0.00000000
v -0.04292514 -0.27227951 0.00000000
v -0.04292514 -0.27227951 0.00000000
v -0.08499116 -0.26218037 0.00000000
v -0.08499116 -0.26218037 0.00000000
v -0.12495945 -0.24562497 0.00000000
v -0.12495945 -0.24562497 0.00000000
v -0.16184580 -0.22302096 0.00000000
v -0.16184580 -0.22302096 0.00000000
v -0.16184580 -0.22302096 0.00000000
v -0.16184580 -0.22302096 0.00000000
v -0.19474198 -0.19492497 0.00000000
v -0.19474198 -0.19492497 0.00000000
v -0.22283798 -0.16202878 0.00000000
v -0.22283798 -0.16202878 0.00000000
v -0.24544198 -0.12514243 0.00000000
v -0.24544198 -0.12514243 0.00000000
v -0.26199739 -0.08517415 0.00000000
v -0.26199739 -0.08517415 0.00000000
v -0.27209653 -0.04310812 0.00000000
v -0.27209653 -0.04310812 0.00000000
v -0.27549077 0.00001987 0.00000000
v -0.27549077 0.00001987 0.00000000
v -0.27209653 0.04314786 0.00000000
v -0.27209653 0.04314786 0.00000000
v -0.26199739 0.08521389 0.00000000
v -0.26199739 0.08521389 0.00000000
v -0.24544198 0.12518217 0.00000000
v -0.24544198 0.12518217 0.00000000
v -0.22283798 0.16206851 0.00000000
v -0.22283798 0.16206851 0.00000000
v -0.19474198 0.19496470 0.00000000
v -0.19474198 0.19496470 0.00000000
v -0.16184580 0.22306070 0.00000000
v -0.16184580 0.22306070 0.00000000
v -0.12495945 0.24566471 0.00000000
v -0.12495945 0.24566471 0.00000000
v -0.08499116 0.26222010 0.00000000
v -0.08499116 0.26222010 0.00000000
v -0.04292514 0.27231924 0.00000000
v -0.04292514 0.27231924 0.00000000
v 0.04306878 0.27066459 0.06423956
v 0.04333085 0.27231924 0.06174431
v 0.08487918 0.26062681 0.06423956
v 0.08539687 0.26222010 0.06174431
v 0.12460460 0.24417203 0.06423956
v 0.12536515 0.24566471 0.06174431
v 0.16126680 0.22170537 0.06423956
v 0.16225151 0.22306070 0.06174431
v 0.19396308 0.19378010 0.06423956
v 0.19514768 0.19496470 0.06174431
v 0.22188835 0.16108382 0.06423956
v 0.22324368 0.16206851 0.06174431
v 0.24435501 0.12442162 0.06423956
v 0.24584769 0.12518217 0.06174431
v 0.26080979 0.08469620 0.06423956
v 0.26240309 0.08521389 0.06174431
v 0.27084757 0.04288579 0.06423956
v 0.27250223 0.04314786 0.06174431
v 0.27422120 0.00001987 0.06423956
v 0.27589649 0.00001987 0.06174431
v 0.27084757 -0.04284605 0.06423956
v 0.27250223 -0.04310812 0.06174431
v 0.26080979 -0.08465646 0.06423956
v 0.26240309 -0.08517415 0.06174431
v 0.24435501 -0.12438188 0.06423956
v 0.24584769 -0.12514243 0.06174431
v 0.22188835 -0.16104409 0.06423956
v 0.22324368 -0.16202878 0.06174431
v 0.19396308 -0.19374036 0.06423956
v 0.19514768 -0.19492497 0.06174431
v 0.16126680 -0.22166563 0.06423956
v 0.16225151 -0.22302096 0.06174431
v 0.12460460 -0.24413229 0.06423956
v 0.12536515 -0.24562497 0.06174431
v 0.08487918 -0.26058708 0.06423956
v 0.08539687 -0.26218037 0.06174431
v 0.04306878 -0.27062485 0.06423956
v 0.04333085 -0.27227951 0.06174431
v 0.00020286 -0.27399849 0.06423956
v 0.00020286 -0.27567377 0.06174431
v -0.04266307 -0.27062485 0.06423956
v -0.04292514 -0.27227951 0.06174431
v -0.08447348 -0.26058708 0.06423956
v -0.08499116 -0.26218037 0.06174431
v -0.12419889 -0.24413229 0.06423956
v -0.12495945 -0.24562497 0.06174431
v -0.16086110 -0.22166563 0.06423956
v -0.16086110 -0.22166563 0.06423956
v -0.16184580 -0.22302096 0.06174431
v -0.16184580 -0.22302096 0.06174431
v -0.19355737 -0.19374036 0.06423956
v -0.19474198 -0.19492497 0.06174431
v -0.22148264 -0.16104409 0.06423956
v -0.22283798 -0.16202878 0.06174431
v -0.24394931 -0.12438188 0.06423956
v -0.24544198 -0.12514243 0.06174431
v -0.26040409 -0.08465646 0.06423956
v -0.26199739 -0.08517415 0.06174431
v -0.27044187 -0.04284605 0.06423956
v -0.27209653 -0.04310812 0.06174431
v -0.27381550 0.00001987 0.06423956
v -0.27549077 0.00001987 0.06174431
v -0.27044187 0.04288579 0.06423956
v -0.27209653 0.04314786 0.06174431
v -0.26040409 0.08469620 0.06423956
v -0.26199739 0.08521389 0.06174431
v -0.24394931 0.12442162 0.06423956
v -0.24544198 0.12518217 0.06174431
v -0.22148264 0.16108382 0.06423956
v -0.22283798 0.16206851 0.06174431
v -0.19355737 0.19378010 0.06423956
v -0.19474198 0.19496470 0.06174431
v -0.16086110 0.22170537 0.06423956
v -0.16184580 0.22306070 0.06174431
v -0.12419889 0.24417203 0.06423956
v -0.12495945 0.24566471 0.06174431
v -0.08447348 0.26062681 0.06423956
v -0.08499116 0.26222010 0.06174431
v -0.04266307 0.27066459 0.06423956
v -0.04292514 0.27231924 0.06174431
v 0.00020286 0.27571350 0.06174431
v 0.00020286 0.27403822 0.06423956
v 0.00020286 0.27457466 0.06785395
v 0.00020286 0.27457668 0.07657271
v 0.04315301 0.27119645 0.07657270
v 0.04315270 0.27119442 0.06785395
v 0.08504558 0.26113897 0.07657271
v 0.08504496 0.26113699 0.06785395
v 0.12484906 0.24465180 0.07657271
v 0.12484815 0.24465000 0.06785395
v 0.16158332 0.22214100 0.07657271
v 0.16158212 0.22213938 0.06785395
v 0.19434386 0.19416087 0.07657271
v 0.19434241 0.19415942 0.06785395
v 0.22232399 0.16140034 0.07657271
v 0.22232236 0.16139913 0.06785395
v 0.24483479 0.12466607 0.07657271
v 0.24483299 0.12466516 0.06785395
v 0.26132196 0.08486260 0.07657271
v 0.26131999 0.08486197 0.06785395
v 0.27137944 0.04297002 0.07657270
v 0.27137741 0.04296971 0.06785395
v 0.27475968 0.00001987 0.07657271
v 0.27475765 0.00001987 0.06785395
v 0.27137944 -0.04293028 0.07657270
v 0.27137741 -0.04292997 0.06785395
v 0.26132196 -0.08482286 0.07657271
v 0.26131999 -0.08482223 0.06785395
v 0.24483479 -0.12462633 0.07657271
v 0.24483299 -0.12462542 0.06785395
v 0.22232399 -0.16136060 0.07657271
v 0.22232236 -0.16135939 0.06785395
v 0.19434386 -0.19412114 0.07657271
v 0.19434241 -0.19411969 0.06785395
v 0.16158332 -0.22210126 0.07657271
v 0.16158212 -0.22209964 0.06785395
v 0.12484906 -0.24461206 0.07657271
v 0.12484815 -0.24461026 0.06785395
v 0.08504558 -0.26109923 0.07657271
v 0.08504496 -0.26109726 0.06785395
v 0.04315301 -0.27115671 0.07657270
v 0.04315270 -0.27115469 0.06785395
v 0.00020286 -0.27453695 0.07657271
v 0.00020286 -0.27453492 0.06785395
v -0.04274730 -0.27115671 0.07657270
v -0.04274699 -0.27115469 0.06785395
v -0.08463987 -0.26109923 0.07657271
v -0.08463924 -0.26109726 0.06785395
v -0.12444334 -0.24461206 0.07657271
v -0.12444244 -0.24461026 0.06785395
v -0.16117761 -0.22210126 0.07657271
v -0.16117761 -0.22210126 0.07657271
v -0.16117641 -0.22209964 0.06785395
v -0.16117641 -0.22209964 0.06785395
v -0.19393815 -0.19412114 0.07657271
v -0.19393670 -0.19411969 0.06785395
v -0.22191827 -0.16136060 0.07657271
v -0.22191666 -0.16135939 0.06785395
v -0.24442907 -0.12462633 0.07657271
v -0.24442727 -0.12462542 0.06785395
v -0.26091624 -0.08482286 0.07657271
v -0.26091427 -0.08482223 0.06785395
v -0.27097372 -0.04293028 0.07657270
v -0.27097169 -0.04292997 0.06785395
v -0.27435396 0.00001987 0.07657271
v -0.27435193 0.00001987 0.06785395
v -0.27097372 0.04297002 0.07657270
v -0.27097169 0.04296971 0.06785395
v -0.26091624 0.08486260 0.07657271
v -0.26091427 0.08486197 0.06785395
v -0.24442907 0.12466607 0.07657271
v -0.24442727 0.12466516 0.06785395
v -0.22191827 0.16140034 0.07657271
v -0.22191666 0.16139913 0.06785395
v -0.19393815 0.19416087 0.07657271
v -0.19393670 0.19415942 0.06785395
v -0.16117761 0.22214100 0.07657271
v -0.16117641 0.22213938 0.06785395
v -0.12444334 0.24465180 0.07657271
v -0.12444244 0.24465000 0.06785395
v -0.08463987 0.26113897 0.07657271
v -0.08463924 0.26113699 0.06785395
v -0.04274730 0.27119645 0.07657270
v -0.04274699 0.27119442 0.06785395
v -0.04300504 0.27282379 0.07217057
v -0.08514900 0.26270591 0.07217057
v -0.12519133 0.24611982 0.07217057
v -0.16214602 0.22347396 0.07217057
v -0.19510314 0.19532589 0.07217057
v -0.22325123 0.16236876 0.07217057
v -0.24589708 0.12541407 0.07217057
v -0.26248315 0.08537174 0.07217057
v -0.27260104 0.04322777 0.07217057
v -0.27600156 0.00001987 0.07217057
v -0.27260104 -0.04318803 0.07217057
v -0.26248315 -0.08533200 0.07217057
v -0.24589708 -0.12537434 0.07217057
v -0.22325123 -0.16232903 0.07217057
v -0.19510314 -0.19528615 0.07217057
v -0.16214602 -0.22343423 0.07217057
v -0.16214602 -0.22343423 0.07217057
v -0.12519133 -0.24608009 0.07217057
v -0.08514900 -0.26266618 0.07217057
v -0.04300504 -0.27278406 0.07217057
v 0.00020287 -0.27618455 0.07217057
v 0.04340454 -0.27274478 0.07217057
v 0.08554243 -0.26262835 0.07217057
v 0.12557901 -0.24604464 0.07217057
v 0.16252841 -0.22340205 0.07217057
v 0.19548077 -0.19525803 0.07217057
v 0.22365695 -0.16232903 0.07217057
v 0.24630282 -0.12537434 0.07217057
v 0.26285107 -0.08531971 0.07217057
v 0.27296751 -0.04318181 0.07217057
v 0.27636756 0.00001987 0.07217057
v 0.27296751 0.04322155 0.07217057
v 0.26285107 0.08535945 0.07217057
v 0.24630282 0.12541407 0.07217057
v 0.22362478 0.16234540 0.07217057
v 0.19548077 0.19529777 0.07217057
v 0.16252841 0.22344179 0.07217057
v 0.12557901 0.24608440 0.07217057
v 0.08554243 0.26266808 0.07217057
v 0.04340454 0.27278449 0.07217057
v 0.00020287 0.27618455 0.07217057
v 0.00020286 0.26924138 0.81520533
v 0.00020286 0.26924138 0.81520533
v 0.04231839 0.26592683 0.81520533
v 0.04231839 0.26592683 0.81520533
v 0.08339689 0.25606476 0.81520533
v 0.08339689 0.25606476 0.81520533
v 0.12242689 0.23989800 0.81520533
v 0.12242689 0.23989800 0.81520533
v 0.15844728 0.21782466 0.81520533
v 0.15844728 0.21782466 0.81520533
v 0.19057122 0.19038824 0.81520533
v 0.19057122 0.19038824 0.81520533
v 0.21800764 0.15826430 0.81520533
v 0.21800764 0.15826430 0.81520533
v 0.24008099 0.12224390 0.81520533
v 0.24008099 0.12224390 0.81520533
v 0.25624774 0.08321390 0.81520533
v 0.25624774 0.08321390 0.81520533
v 0.26610982 0.04213540 0.81520533
v 0.26610982 0.04213540 0.81520533
v 0.26942437 0.00001987 0.81520533
v 0.26942437 0.00001987 0.81520533
v 0.26610982 -0.04209566 0.81520533
v 0.26610982 -0.04209566 0.81520533
v 0.25624774 -0.08317416 0.81520533
v 0.25624774 -0.08317416 0.81520533
v 0.24008099 -0.12220416 0.81520533
v 0.24008099 -0.12220416 0.81520533
v 0.21800764 -0.15822456 0.81520533
v 0.21800764 -0.15822456 0.81520533
v 0.19057122 -0.19034850 0.81520533
v 0.19057122 -0.19034850 0.81520533
v 0.15844728 -0.21778492 0.81520533
v 0.15844728 -0.21778492 0.81520533
v 0.12242689 -0.23985826 0.81520533
v 0.12242689 -0.23985826 0.81520533
v 0.08339689 -0.25602502 0.81520533
v 0.08339689 -0.25602502 0.81520533
v 0.04231839 -0.26588709 0.81520533
v 0.04231839 -0.26588709 0.81520533
v 0.00020286 -0.26920164 0.81520533
v 0.00020286 -0.26920164 0.81520533
v -0.04191268 -0.26588709 0.81520533
v -0.04191268 -0.26588709 0.81520533
v -0.08299117 -0.25602502 0.81520533
v -0.08299117 -0.25602502 0.81520533
v -0.12202117 -0.23985826 0.81520533
v -0.12202117 -0.23985826 0.81520533
v -0.15804157 -0.21778492 0.81520533
v -0.15804157 -0.21778492 0.81520533
v -0.15804157 -0.21778492 0.81520533
v -0.15804157 -0.21778492 0.81520533
v -0.19016552 -0.19034850 0.81520533
v -0.19016552 -0.19034850 0.81520533
v -0.21760194 -0.15822456 0.81520533
v -0.21760194 -0.15822456 0.81520533
v -0.23967528 -0.12220416 0.81520533
v -0.23967528 -0.12220416 0.81520533
v -0.25584204 -0.08317416 0.81520533
v -0.25584204 -0.08317416 0.81520533
v -0.26570410 -0.04209566 0.81520533
v -0.26570410 -0.04209566 0.81520533
v -0.26901865 0.00001987 0.81520533
v -0.26901865 0.00001987 0.81520533
v -0.26570410 0.04213540 0.81520533
v -0.26570410 0.04213540 0.81520533
v -0.25584204 0.08321390 0.81520533
v -0.25584204 0.08321390 0.81520533
v -0.23967528 0.12224390 0.81520533
v -0.23967528 0.12224390 0.81520533
v -0.21760194 0.15826430 0.81520533
v -0.21760194 0.15826430 0.81520533
v -0.19016552 0.19038824 0.81520533
v -0.19016552 0.19038824 0.81520533
v -0.15804157 0.21782466 0.81520533
v -0.15804157 0.21782466 0.81520533
v -0.12202117 0.23989800 0.81520533
v -0.12202117 0.23989800 0.81520533
v -0.08299117 0.25606476 0.81520533
v -0.08299117 0.25606476 0.81520533
v -0.04191268 0.26592683 0.81520533
v -0.04191268 0.26592683 0.81520533
v 0.00020286 0.26886194 0.82842820
v 0.04225902 0.26555204 0.82842820
v 0.08327963 0.25570386 0.82842820
v 0.12225461 0.23955990 0.82842820
v 0.15822423 0.21751767 0.82842820
v 0.19030290 0.19011991 0.82842820
v 0.21770065 0.15804125 0.82842820
v 0.23974289 0.12207162 0.82842820
v 0.25588684 0.08309665 0.82842820
v 0.26573502 0.04207604 0.82842820
v 0.26904493 0.00001987 0.82842820
v 0.26573502 -0.04203630 0.82842820
v 0.25588684 -0.08305691 0.82842820
v 0.23974289 -0.12203188 0.82842820
v 0.21770065 -0.15800151 0.82842820
v 0.19030290 -0.19008017 0.82842820
v 0.15822423 -0.21747793 0.82842820
v 0.12225461 -0.23952016 0.82842820
v 0.08327963 -0.25566412 0.82842820
v 0.04225902 -0.26551230 0.82842820
v 0.00020286 -0.26882220 0.82842820
v -0.04185332 -0.26551230 0.82842820
v -0.08287393 -0.25566412 0.82842820
v -0.12184890 -0.23952016 0.82842820
v -0.15781852 -0.21747793 0.82842820
v -0.15781852 -0.21747793 0.82842820
v -0.18989719 -0.19008017 0.82842820
v -0.21729495 -0.15800151 0.82842820
v -0.23933718 -0.12203188 0.82842820
v -0.25548114 -0.08305691 0.82842820
v -0.26532932 -0.04203630 0.82842820
v -0.26863921 0.00001987 0.82842820
v -0.26532932 0.04207604 0.82842820
v -0.25548114 0.08309665 0.82842820
v -0.23933718 0.12207162 0.82842820
v -0.21729495 0.15804125 0.82842820
v -0.18989719 0.19011991 0.82842820
v -0.15781852 0.21751767 0.82842820
v -0.12184890 0.23955990 0.82842820
v -0.08287393 0.25570386 0.82842820
v -0.04185332 0.26555204 0.82842820
v 0.04183878 0.26289876 0.82566398
v 0.08244950 0.25314899 0.82566398
v 0.12103503 0.23716634 0.82566398
v 0.15664525 0.21534436 0.82566398
v 0.18840335 0.18822037 0.82566398
v 0.21552734 0.15646227 0.82566398
v 0.23734932 0.12085205 0.82566398
v 0.25333197 0.08226651 0.82566398
v 0.26308174 0.04165580 0.82566398
v 0.26635854 0.00001987 0.82566398
v 0.26308174 -0.04161606 0.82566398
v 0.25333197 -0.08222677 0.82566398
v 0.23734932 -0.12081231 0.82566398
v 0.21552734 -0.15642253 0.82566398
v 0.18840335 -0.18818063 0.82566398
v 0.15664525 -0.21530462 0.82566398
v 0.12103503 -0.23712660 0.82566398
v 0.08244950 -0.25310925 0.82566398
v 0.04183878 -0.26285902 0.82566398
v 0.00020286 -0.26613582 0.82566398
v -0.04143307 -0.26285902 0.82566398
v -0.08204378 -0.25310925 0.82566398
v -0.12062933 -0.23712660 0.82566398
v -0.15623954 -0.21530462 0.82566398
v -0.15623954 -0.21530462 0.82566398
v -0.18799764 -0.18818063 0.82566398
v -0.21512163 -0.15642253 0.82566398
v -0.23694361 -0.12081231 0.82566398
v -0.25292627 -0.08222677 0.82566398
v -0.26267604 -0.04161606 0.82566398
v -0.26595283 0.00001987 0.82566398
v -0.26267604 0.04165580 0.82566398
v -0.25292627 0.08226651 0.82566398
v -0.23694361 0.12085205 0.82566398
v -0.21512163 0.15646227 0.82566398
v -0.18799764 0.18822037 0.82566398
v -0.15623954 0.21534436 0.82566398
v -0.12062933 0.23716634 0.82566398
v -0.08204378 0.25314899 0.82566398
v -0.04143307 0.26289876 0.82566398
v 0.00020286 0.26617556 0.82566398
v 0.04183878 0.26289876 0.81780296
v 0.08244950 0.25314899 0.81780296
v 0.12103503 0.23716634 0.81780296
v 0.15664525 0.21534436 0.81780296
v 0.18840335 0.18822037 0.81780296
v 0.21552734 0.15646227 0.81780296
v 0.23734932 0.12085205 0.81780296
v 0.25333197 0.08226651 0.81780296
v 0.26308174 0.04165580 0.81780296
v 0.26635854 0.00001987 0.81780296
v 0.26308174 -0.04161606 0.81780296
v 0.25333197 -0.08222677 0.81780296
v 0.23734932 -0.12081231 0.81780296
v 0.21552734 -0.15642253 0.81780296
v 0.18840335 -0.18818063 0.81780296
v 0.15664525 -0.21530462 0.81780296
v 0.12103503 -0.23712660 0.81780296
v 0.08244950 -0.25310925 0.81780296
v 0.04183878 -0.26285902 0.81780296
v 0.00020286 -0.26613582 0.81780296
v -0.04143307 -0.26285902 0.81780296
v -0.08204378 -0.25310925 0.81780296
v -0.12062933 -0.23712660 0.81780296
v -0.15623954 -0.21530462 0.81780296
v -0.15623954 -0.21530462 0.81780296
v -0.18799764 -0.18818063 0.81780296
v -0.21512163 -0.15642253 0.81780296
v -0.23694361 -0.12081231 0.81780296
v -0.25292627 -0.08222677 0.81780296
v -0.26267604 -0.04161606 0.81780296
v -0.26595283 0.00001987 0.81780296
v -0.26267604 0.04165580 0.81780296
v -0.25292627 0.08226651 0.81780296
v -0.23694361 0.12085205 0.81780296
v -0.21512163 0.15646227 0.81780296
v -0.18799764 0.18822037 0.81780296
v -0.15623954 0.21534436 0.81780296
v -0.12062933 0.23716634 0.81780296
v -0.08204378 0.25314899 0.81780296
v -0.04143307 0.26289876 0.81780296
v 0.00020286 0.26617556 0.81780296
v 0.00020286 0.26101341 0.82168453
v 0.04103125 0.25780015 0.82168453
v 0.08085430 0.24823949 0.82168453
v 0.11869146 0.23256684 0.82168453
v 0.15361102 0.21116815 0.82168453
v 0.18475318 0.18457020 0.82168453
v 0.21135113 0.15342802 0.82168453
v 0.23274983 0.11850848 0.82168453
v 0.24842247 0.08067132 0.82168453
v 0.25798313 -0.04080852 0.82168453
v 0.24842247 -0.08063158 0.82168453
v 0.18475318 -0.18453045 0.82168453
v 0.15361102 -0.21112838 0.82168453
v 0.11869146 -0.23252710 0.82168453
v 0.08085430 -0.24819975 0.82168453
v 0.04103125 -0.25776041 0.82168453
v -0.04062553 -0.25776041 0.82168453
v -0.08044860 -0.24819975 0.82168453
v -0.21094539 -0.15338828 0.82168453
v -0.23234414 -0.11846874 0.82168453
v -0.25757743 -0.04080852 0.82168453
v -0.24801676 0.08067132 0.82168453
v -0.23234414 0.11850848 0.82168453
v -0.18434746 0.18457020 0.82168453
v -0.15320530 0.21116815 0.82168453
v 0.25801453 0.04085323 0.82168453
v 0.26122816 0.00001987 0.82168453
v 0.23277813 -0.11848316 0.82168453
v 0.21137683 -0.15340696 0.82168453
v 0.00020286 -0.26100544 0.82168453
v -0.11830018 -0.23255541 0.82168453
v -0.15322398 -0.21115408 0.82168453
v -0.15322398 -0.21115408 0.82168453
v -0.18436994 -0.18455293 0.82168453
v -0.24804698 -0.08064140 0.82168453
v -0.26082246 0.00001987 0.82168453
v -0.25760881 0.04085323 0.82168453
v -0.21097109 0.15344671 0.82168453
v -0.11830018 0.23259514 0.82168453
v -0.08045842 0.24826971 0.82168453
v -0.04063049 0.25783154 0.82168453
v 0.24943455 -0.08096043 0.82491242
v 0.24943455 -0.08096043 0.82491242
v -0.08077745 0.24925157 0.82491242
v -0.08077745 0.24925157 0.82491242
v 0.25903424 -0.04097500 0.82491242
v 0.25903424 -0.04097500 0.82491242
v -0.11876887 0.23351503 0.82491242
v -0.11876887 0.23351503 0.82491242
v 0.26226058 0.00001987 0.82491242
v 0.26226058 0.00001987 0.82491242
v -0.15383081 0.21202906 0.82491242
v -0.15383081 0.21202906 0.82491242
v 0.25903424 0.04101474 0.82491242
v 0.25903424 0.04101474 0.82491242
v -0.18509995 0.18532268 0.82491242
v -0.18509995 0.18532268 0.82491242
v 0.24943455 0.08100017 0.82491242
v 0.24943455 0.08100017 0.82491242
v -0.21180634 0.15405353 0.82491242
v -0.21180634 0.15405353 0.82491242
v 0.23369802 0.11899160 0.82491242
v 0.23369802 0.11899160 0.82491242
v -0.23329230 0.11899160 0.82491242
v -0.23329230 0.11899160 0.82491242
v 0.21221204 0.15405353 0.82491242
v 0.21221204 0.15405353 0.82491242
v -0.24902884 0.08100017 0.82491242
v -0.24902884 0.08100017 0.82491242
v 0.18550567 0.18532268 0.82491242
v 0.18550567 0.18532268 0.82491242
v -0.25862852 0.04101474 0.82491242
v -0.25862852 0.04101474 0.82491242
v 0.11917459 0.23351503 0.82491242
v 0.11917459 0.23351503 0.82491242
v 0.15423651 0.21202906 0.82491242
v 0.15423651 0.21202906 0.82491242
v -0.25862852 -0.04097500 0.82491242
v -0.25862852 -0.04097500 0.82491242
v -0.26185486 0.00001987 0.82491242
v -0.26185486 0.00001987 0.82491242
v -0.04079202 0.25885125 0.82491242
v -0.04079202 0.25885125 0.82491242
v 0.23369802 -0.11895186 0.82491242
v 0.23369802 -0.11895186 0.82491242
v 0.00020286 0.26207759 0.82491242
v 0.00020286 0.26207759 0.82491242
v 0.21221204 -0.15401379 0.82491242
v 0.21221204 -0.15401379 0.82491242
v 0.18550567 -0.18528294 0.82491242
v 0.18550567 -0.18528294 0.82491242
v 0.15423651 -0.21198932 0.82491242
v 0.15423651 -0.21198932 0.82491242
v 0.11917459 -0.23347529 0.82491242
v 0.11917459 -0.23347529 0.82491242
v 0.08118316 -0.24921183 0.82491242
v 0.08118316 -0.24921183 0.82491242
v 0.04119773 -0.25881151 0.82491242
v 0.04119773 -0.25881151 0.82491242
v 0.00020286 -0.26203785 0.82491242
v 0.00020286 -0.26203785 0.82491242
v -0.04079202 -0.25881151 0.82491242
v -0.04079202 -0.25881151 0.82491242
v -0.08077745 -0.24921183 0.82491242
v -0.08077745 -0.24921183 0.82491242
v -0.11876887 -0.23347529 0.82491242
v -0.11876887 -0.23347529 0.82491242
v -0.15383081 -0.21198932 0.82491242
v -0.15383081 -0.21198932 0.82491242
v -0.15383081 -0.21198932 0.82491242
v -0.15383081 -0.21198932 0.82491242
v -0.18509995 -0.18528294 0.82491242
v -0.18509995 -0.18528294 0.82491242
v -0.21180634 -0.15401379 0.82491242
v -0.21180634 -0.15401379 0.82491242
v -0.23329230 -0.11895186 0.82491242
v -0.23329230 -0.11895186 0.82491242
v 0.04119773 0.25885125 0.82491242
v 0.04119773 0.25885125 0.82491242
v -0.24902884 -0.08096043 0.82491242
v -0.24902884 -0.08096043 0.82491242
v 0.08118316 0.24925157 0.82491242
v 0.08118316 0.24925157 0.82491242
v -0.24913470 -0.08099483 0.81842076
v -0.24913470 -0.08099483 0.81842076
v 0.08121755 0.24935742 0.81842076
v 0.08121755 0.24935742 0.81842076
v -0.25873846 -0.04099241 0.81842076
v -0.25873846 -0.04099241 0.81842076
v 0.11922512 0.23361420 0.81842076
v 0.11922512 0.23361420 0.81842076
v -0.26196617 0.00001987 0.81842076
v -0.26196617 0.00001987 0.81842076
v 0.15430194 0.21211909 0.81842076
v 0.15430194 0.21211909 0.81842076
v -0.25873846 0.04103215 0.81842076
v -0.25873846 0.04103215 0.81842076
v 0.18558437 0.18540139 0.81842076
v 0.18558437 0.18540139 0.81842076
v -0.24913470 0.08103457 0.81842076
v -0.24913470 0.08103457 0.81842076
v 0.21230208 0.15411896 0.81842076
v 0.21230208 0.15411896 0.81842076
v -0.23339148 0.11904214 0.81842076
v -0.23339148 0.11904214 0.81842076
v 0.23379718 0.11904214 0.81842076
v 0.23379718 0.11904214 0.81842076
v -0.21189636 0.15411896 0.81842076
v -0.21189636 0.15411896 0.81842076
v 0.24954041 0.08103457 0.81842076
v 0.24954041 0.08103457 0.81842076
v -0.18517867 0.18540139 0.81842076
v -0.18517867 0.18540139 0.81842076
v 0.25914418 0.04103215 0.81842076
v 0.25914418 0.04103215 0.81842076
v -0.11881941 0.23361420 0.81842076
v -0.11881941 0.23361420 0.81842076
v -0.15389623 0.21211909 0.81842076
v -0.15389623 0.21211909 0.81842076
v 0.25914418 -0.04099241 0.81842076
v 0.25914418 -0.04099241 0.81842076
v 0.26237189 0.00001987 0.81842076
v 0.26237189 0.00001987 0.81842076
v 0.04121514 0.25896119 0.81842076
v 0.04121514 0.25896119 0.81842076
v -0.23339148 -0.11900240 0.81842076
v -0.23339148 -0.11900240 0.81842076
v 0.00020286 0.26218890 0.81842076
v 0.00020286 0.26218890 0.81842076
v -0.21189636 -0.15407922 0.81842076
v -0.21189636 -0.15407922 0.81842076
v -0.18517867 -0.18536165 0.81842076
v -0.18517867 -0.18536165 0.81842076
v -0.15389623 -0.21207935 0.81842076
v -0.15389623 -0.21207935 0.81842076
v -0.15389623 -0.21207935 0.81842076
v -0.15389623 -0.21207935 0.81842076
v -0.11881941 -0.23357446 0.81842076
v -0.11881941 -0.23357446 0.81842076
v -0.08081184 -0.24931768 0.81842076
v -0.08081184 -0.24931768 0.81842076
v -0.04080943 -0.25892145 0.81842076
v -0.04080943 -0.25892145 0.81842076
v 0.00020286 -0.26214916 0.81842076
v 0.00020286 -0.26214916 0.81842076
v 0.04121514 -0.25892145 0.81842076
v 0.04121514 -0.25892145 0.81842076
v 0.08121755 -0.24931768 0.81842076
v 0.08121755 -0.24931768 0.81842076
v 0.11922512 -0.23357446 0.81842076
v 0.11922512 -0.23357446 0.81842076
v 0.15430194 -0.21207935 0.81842076
v 0.15430194 -0.21207935 0.81842076
v 0.18558437 -0.18536165 0.81842076
v 0.18558437 -0.18536165 0.81842076
v 0.21230208 -0.15407922 0.81842076
v 0.21230208 -0.15407922 0.81842076
v 0.23379718 -0.11900240 0.81842076
v 0.23379718 -0.11900240 0.81842076
v -0.04080943 0.25896119 0.81842076
v -0.04080943 0.25896119 0.81842076
v 0.24954041 -0.08099483 0.81842076
v 0.24954041 -0.08099483 0.81842076
v -0.08081184 0.24935742 0.81842076
v -0.08081184 0.24935742 0.81842076
v 0.00020286 0.26909303 0.84454828
v 0.04229517 0.26578029 0.84454828
v 0.08335102 0.25592365 0.84454828
v 0.12235952 0.23976580 0.84454828
v 0.15836007 0.21770463 0.84454828
v 0.19046629 0.19028331 0.84454828
v 0.21788762 0.15817708 0.84454828
v 0.23994878 0.12217653 0.84454828
v 0.25610664 0.08316804 0.84454828
v 0.26596327 0.04211219 0.84454828
v 0.26927602 0.00001987 0.84454828
v 0.26596327 -0.04207245 0.84454828
v 0.25610664 -0.08312830 0.84454828
v 0.23994878 -0.12213679 0.84454828
v 0.21788762 -0.15813734 0.84454828
v 0.19046629 -0.19024357 0.84454828
v 0.15836007 -0.21766489 0.84454828
v 0.12235952 -0.23972606 0.84454828
v 0.08335102 -0.25588391 0.84454828
v 0.04229517 -0.26574055 0.84454828
v 0.00020286 -0.26905329 0.84454828
v -0.04188947 -0.26574055 0.84454828
v -0.08294532 -0.25588391 0.84454828
v -0.12195380 -0.23972606 0.84454828
v -0.15795435 -0.21766489 0.84454828
v -0.15795435 -0.21766489 0.84454828
v -0.19006059 -0.19024357 0.84454828
v -0.21748190 -0.15813734 0.84454828
v -0.23954307 -0.12213679 0.84454828
v -0.25570092 -0.08312830 0.84454828
v -0.26555756 -0.04207245 0.84454828
v -0.26887030 0.00001987 0.84454828
v -0.26555756 0.04211219 0.84454828
v -0.25570092 0.08316804 0.84454828
v -0.23954307 0.12217653 0.84454828
v -0.21748190 0.15817708 0.84454828
v -0.19006059 0.19028331 0.84454828
v -0.15795435 0.21770463 0.84454828
v -0.12195380 0.23976580 0.84454828
v -0.08294532 0.25592365 0.84454828
v -0.04188947 0.26578029 0.84454828
v 0.04141939 0.26025083 0.84331619
v 0.04141939 0.26025083 0.84331619
v 0.08162104 0.25059926 0.84331619
v 0.08162104 0.25059926 0.84331619
v 0.11981790 0.23477759 0.84331619
v 0.11981790 0.23477759 0.84331619
v 0.15506943 0.21317542 0.84331619
v 0.15506943 0.21317542 0.84331619
v 0.18650764 0.18632466 0.84331619
v 0.18650764 0.18632466 0.84331619
v 0.21335840 0.15488645 0.84331619
v 0.21335840 0.15488645 0.84331619
v 0.23496057 0.11963492 0.84331619
v 0.23496057 0.11963492 0.84331619
v 0.25078224 0.08143806 0.84331619
v 0.25078224 0.08143806 0.84331619
v 0.26043382 0.04123641 0.84331619
v 0.26043382 0.04123641 0.84331619
v 0.26367762 0.00001987 0.84331619
v 0.26367762 0.00001987 0.84331619
v 0.26043382 -0.04119667 0.84331619
v 0.26043382 -0.04119667 0.84331619
v 0.25078224 -0.08139832 0.84331619
v 0.25078224 -0.08139832 0.84331619
v 0.23496057 -0.11959518 0.84331619
v 0.23496057 -0.11959518 0.84331619
v 0.21335840 -0.15484671 0.84331619
v 0.21335840 -0.15484671 0.84331619
v 0.18650764 -0.18628492 0.84331619
v 0.18650764 -0.18628492 0.84331619
v 0.15506943 -0.21313568 0.84331619
v 0.15506943 -0.21313568 0.84331619
v 0.11981790 -0.23473785 0.84331619
v 0.11981790 -0.23473785 0.84331619
v 0.08162104 -0.25055952 0.84331619
v 0.08162104 -0.25055952 0.84331619
v 0.04141939 -0.26021109 0.84331619
v 0.04141939 -0.26021109 0.84331619
v 0.00020286 -0.26345489 0.84331619
v 0.00020286 -0.26345489 0.84331619
v -0.04101369 -0.26021109 0.84331619
v -0.04101369 -0.26021109 0.84331619
v -0.08121533 -0.25055952 0.84331619
v -0.08121533 -0.25055952 0.84331619
v -0.11941219 -0.23473785 0.84331619
v -0.11941219 -0.23473785 0.84331619
v -0.15466372 -0.21313568 0.84331619
v -0.15466372 -0.21313568 0.84331619
v -0.15466372 -0.21313568 0.84331619
v -0.15466372 -0.21313568 0.84331619
v -0.18610193 -0.18628492 0.84331619
v -0.18610193 -0.18628492 0.84331619
v -0.21295270 -0.15484671 0.84331619
v -0.21295270 -0.15484671 0.84331619
v -0.23455487 -0.11959518 0.84331619
v -0.23455487 -0.11959518 0.84331619
v -0.25037654 -0.08139832 0.84331619
v -0.25037654 -0.08139832 0.84331619
v -0.26002811 -0.04119667 0.84331619
v -0.26002811 -0.04119667 0.84331619
v -0.26327190 0.00001987 0.84331619
v -0.26327190 0.00001987 0.84331619
v -0.26002811 0.04123641 0.84331619
v -0.26002811 0.04123641 0.84331619
v -0.25037654 0.08143806 0.84331619
v -0.25037654 0.08143806 0.84331619
v -0.23455487 0.11963492 0.84331619
v -0.23455487 0.11963492 0.84331619
v -0.21295270 0.15488645 0.84331619
v -0.21295270 0.15488645 0.84331619
v -0.18610193 0.18632466 0.84331619
v -0.18610193 0.18632466 0.84331619
v -0.15466372 0.21317542 0.84331619
v -0.15466372 0.21317542 0.84331619
v -0.11941219 0.23477759 0.84331619
v -0.11941219 0.23477759 0.84331619
v -0.08121533 0.25059926 0.84331619
v -0.08121533 0.25059926 0.84331619
v -0.04101369 0.26025083 0.84331619
v -0.04101369 0.26025083 0.84331619
v 0.00020286 0.26349463 0.84331619
v 0.00020286 0.26349463 0.84331619
v 0.04224440 0.26545962 0.83587223
v 0.08325073 0.25561490 0.83587223
v 0.12221212 0.23947654 0.83587223
v 0.15816925 0.21744197 0.83587223
v 0.19023675 0.19005377 0.83587223
v 0.21762495 0.15798626 0.83587223
v 0.23965953 0.12202914 0.83587223
v 0.25579788 0.08306774 0.83587223
v 0.26564260 0.04206141 0.83587223
v 0.26895135 0.00001987 0.83587223
v 0.26564260 -0.04202167 0.83587223
v 0.25579788 -0.08302800 0.83587223
v 0.23965953 -0.12198941 0.83587223
v 0.21762495 -0.15794652 0.83587223
v 0.19023675 -0.19001403 0.83587223
v 0.15816925 -0.21740223 0.83587223
v 0.12221212 -0.23943680 0.83587223
v 0.08325073 -0.25557516 0.83587223
v 0.04224440 -0.26541988 0.83587223
v 0.00020286 -0.26872862 0.83587223
v -0.04183868 -0.26541988 0.83587223
v -0.08284502 -0.25557516 0.83587223
v -0.12180642 -0.23943680 0.83587223
v -0.15776354 -0.21740223 0.83587223
v -0.15776354 -0.21740223 0.83587223
v -0.18983104 -0.19001403 0.83587223
v -0.21721925 -0.15794652 0.83587223
v -0.23925381 -0.12198941 0.83587223
v -0.25539217 -0.08302800 0.83587223
v -0.26523690 -0.04202167 0.83587223
v -0.26854564 0.00001987 0.83587223
v -0.26523690 0.04206141 0.83587223
v -0.25539217 0.08306774 0.83587223
v -0.23925381 0.12202914 0.83587223
v -0.21721925 0.15798626 0.83587223
v -0.18983104 0.19005377 0.83587223
v -0.15776354 0.21744197 0.83587223
v -0.12180642 0.23947654 0.83587223
v -0.08284502 0.25561490 0.83587223
v -0.04183868 0.26545962 0.83587223
v 0.00020286 0.26876836 0.83587223
v 0.00020286 0.26792117 0.83959424
v 0.04211185 0.26462286 0.83959424
v 0.08298893 0.25480913 0.83959424
v 0.12182752 0.23872168 0.83959424
v 0.15767128 0.21675657 0.83959424
v 0.18963769 0.18945471 0.83959424
v 0.21693956 0.15748829 0.83959424
v 0.23890467 0.12164453 0.83959424
v 0.25499212 0.08280594 0.83959424
v 0.26480584 0.04192887 0.83959424
v 0.26810416 0.00001987 0.83959424
v 0.26480584 -0.04188913 0.83959424
v 0.25499212 -0.08276620 0.83959424
v 0.23890467 -0.12160479 0.83959424
v 0.21693956 -0.15744855 0.83959424
v 0.18963769 -0.18941497 0.83959424
v 0.15767128 -0.21671683 0.83959424
v 0.12182752 -0.23868194 0.83959424
v 0.08298893 -0.25476939 0.83959424
v 0.04211185 -0.26458312 0.83959424
v 0.00020286 -0.26788143 0.83959424
v -0.04170614 -0.26458312 0.83959424
v -0.08258321 -0.25476939 0.83959424
v -0.12142180 -0.23868194 0.83959424
v -0.15726556 -0.21671683 0.83959424
v -0.15726556 -0.21671683 0.83959424
v -0.18923198 -0.18941497 0.83959424
v -0.21653385 -0.15744855 0.83959424
v -0.23849896 -0.12160479 0.83959424
v -0.25458640 -0.08276620 0.83959424
v -0.26440014 -0.04188913 0.83959424
v -0.26769845 0.00001987 0.83959424
v -0.26440014 0.04192887 0.83959424
v -0.25458640 0.08280594 0.83959424
v -0.23849896 0.12164453 0.83959424
v -0.21653385 0.15748829 0.83959424
v -0.18923198 0.18945471 0.83959424
v -0.15726556 0.21675657 0.83959424
v -0.12142180 0.23872168 0.83959424
v -0.08258321 0.25480913 0.83959424
v -0.04170614 0.26462286 0.83959424
v 0.00020286 0.26647659 0.84145522
v 0.04188588 0.26319607 0.84145522
v 0.08254252 0.25343528 0.84145522
v 0.12117169 0.23743454 0.84145522
v 0.15682218 0.21558788 0.84145522
v 0.18861623 0.18843324 0.84145522
v 0.21577087 0.15663920 0.84145522
v 0.23761753 0.12098870 0.84145522
v 0.25361827 0.08235954 0.84145522
v 0.26337905 0.04170289 0.84145522
v 0.26665957 0.00001987 0.84145522
v 0.26337905 -0.04166315 0.84145522
v 0.25361827 -0.08231980 0.84145522
v 0.23761753 -0.12094896 0.84145522
v 0.21577087 -0.15659946 0.84145522
v 0.18861623 -0.18839350 0.84145522
v 0.15682218 -0.21554814 0.84145522
v 0.12117169 -0.23739480 0.84145522
v 0.08254252 -0.25339554 0.84145522
v 0.04188588 -0.26315633 0.84145522
v 0.00020286 -0.26643685 0.84145522
v -0.04148017 -0.26315633 0.84145522
v -0.08213681 -0.25339554 0.84145522
v -0.12076598 -0.23739480 0.84145522
v -0.15641647 -0.21554814 0.84145522
v -0.15641647 -0.21554814 0.84145522
v -0.18821052 -0.18839350 0.84145522
v -0.21536515 -0.15659946 0.84145522
v -0.23721181 -0.12094896 0.84145522
v -0.25321256 -0.08231980 0.84145522
v -0.26297335 -0.04166315 0.84145522
v -0.26625387 0.00001987 0.84145522
v -0.26297335 0.04170289 0.84145522
v -0.25321256 0.08235954 0.84145522
v -0.23721181 0.12098870 0.84145522
v -0.21536515 0.15663920 0.84145522
v -0.18821052 0.18843324 0.84145522
v -0.15641647 0.21558788 0.84145522
v -0.12076598 0.23743454 0.84145522
v -0.08213681 0.25343528 0.84145522
v -0.04148017 0.26319607 0.84145522
v 0.00020286 0.26849934 0.84393227
v 0.04220230 0.26519390 0.84393227
v 0.08316759 0.25535902 0.84393227
v 0.12209000 0.23923682 0.84393227
v 0.15801110 0.21722431 0.84393227
v 0.19004649 0.18986351 0.84393227
v 0.21740730 0.15782811 0.84393227
v 0.23941980 0.12190701 0.84393227
v 0.25554200 0.08298460 0.84393227
v 0.26537688 0.04201931 0.84393227
v 0.26868233 0.00001987 0.84393227
v 0.26537688 -0.04197957 0.84393227
v 0.25554200 -0.08294486 0.84393227
v 0.23941980 -0.12186727 0.84393227
v 0.21740730 -0.15778837 0.84393227
v 0.19004649 -0.18982377 0.84393227
v 0.15801110 -0.21718457 0.84393227
v 0.12209000 -0.23919708 0.84393227
v 0.08316759 -0.25531928 0.84393227
v 0.04220230 -0.26515416 0.84393227
v 0.00020286 -0.26845960 0.84393227
v -0.04179658 -0.26515416 0.84393227
v -0.08276187 -0.25531928 0.84393227
v -0.12168429 -0.23919708 0.84393227
v -0.15760538 -0.21718457 0.84393227
v -0.15760538 -0.21718457 0.84393227
v -0.18964078 -0.18982377 0.84393227
v -0.21700158 -0.15778837 0.84393227
v -0.23901409 -0.12186727 0.84393227
v -0.25513630 -0.08294486 0.84393227
v -0.26497118 -0.04197957 0.84393227
v -0.26827661 0.00001987 0.84393227
v -0.26497118 0.04201931 0.84393227
v -0.25513630 0.08298460 0.84393227
v -0.23901409 0.12190701 0.84393227
v -0.21700158 0.15782811 0.84393227
v -0.18964078 0.18986351 0.84393227
v -0.15760538 0.21722431 0.84393227
v -0.12168429 0.23923682 0.84393227
v -0.08276187 0.25535902 0.84393227
v -0.04179658 0.26519390 0.84393227
v 0.00020286 0.26912849 0.85897761
v 0.00020286 0.26912849 0.85897761
v 0.04230072 0.26581534 0.85897761
v 0.04230072 0.26581534 0.85897761
v 0.08336200 0.25595739 0.85897761
v 0.08336200 0.25595739 0.85897761
v 0.12237563 0.23979742 0.85897761
v 0.12237563 0.23979742 0.85897761
v 0.15838094 0.21773335 0.85897761
v 0.15838094 0.21773335 0.85897761
v 0.19049139 0.19030841 0.85897761
v 0.19049139 0.19030841 0.85897761
v 0.21791634 0.15819795 0.85897761
v 0.21791634 0.15819795 0.85897761
v 0.23998041 0.12219264 0.85897761
v 0.23998041 0.12219264 0.85897761
v 0.25614038 0.08317902 0.85897761
v 0.25614038 0.08317902 0.85897761
v 0.26599833 0.04211774 0.85897761
v 0.26599833 0.04211774 0.85897761
v 0.26931148 0.00001987 0.85897761
v 0.26931148 0.00001987 0.85897761
v 0.26599833 -0.04207800 0.85897761
v 0.26599833 -0.04207800 0.85897761
v 0.25614038 -0.08313928 0.85897761
v 0.25614038 -0.08313928 0.85897761
v 0.23998041 -0.12215290 0.85897761
v 0.23998041 -0.12215290 0.85897761
v 0.21791634 -0.15815821 0.85897761
v 0.21791634 -0.15815821 0.85897761
v 0.19049139 -0.19026867 0.85897761
v 0.19049139 -0.19026867 0.85897761
v 0.15838094 -0.21769361 0.85897761
v 0.15838094 -0.21769361 0.85897761
v 0.12237563 -0.23975768 0.85897761
v 0.12237563 -0.23975768 0.85897761
v 0.08336200 -0.25591765 0.85897761
v 0.08336200 -0.25591765 0.85897761
v 0.04230072 -0.26577560 0.85897761
v 0.04230072 -0.26577560 0.85897761
v 0.00020286 -0.26908875 0.85897761
v 0.00020286 -0.26908875 0.85897761
v -0.04189501 -0.26577560 0.85897761
v -0.04189501 -0.26577560 0.85897761
v -0.08295630 -0.25591765 0.85897761
v -0.08295630 -0.25591765 0.85897761
v -0.12196991 -0.23975768 0.85897761
v -0.12196991 -0.23975768 0.85897761
v -0.15797522 -0.21769361 0.85897761
v -0.15797522 -0.21769361 0.85897761
v -0.15797522 -0.21769361 0.85897761
v -0.15797522 -0.21769361 0.85897761
v -0.19008569 -0.19026867 0.85897761
v -0.19008569 -0.19026867 0.85897761
v -0.21751063 -0.15815821 0.85897761
v -0.21751063 -0.15815821 0.85897761
v -0.23957470 -0.12215290 0.85897761
v -0.23957470 -0.12215290 0.85897761
v -0.25573466 -0.08313928 0.85897761
v -0.25573466 -0.08313928 0.85897761
v -0.26559261 -0.04207800 0.85897761
v -0.26559261 -0.04207800 0.85897761
v -0.26890576 0.00001987 0.85897761
v -0.26890576 0.00001987 0.85897761
v -0.26559261 0.04211774 0.85897761
v -0.26559261 0.04211774 0.85897761
v -0.25573466 0.08317902 0.85897761
v -0.25573466 0.08317902 0.85897761
v -0.23957470 0.12219264 0.85897761
v -0.23957470 0.12219264 0.85897761
v -0.21751063 0.15819795 0.85897761
v -0.21751063 0.15819795 0.85897761
v -0.19008569 0.19030841 0.85897761
v -0.19008569 0.19030841 0.85897761
v -0.15797522 0.21773335 0.85897761
v -0.15797522 0.21773335 0.85897761
v -0.12196991 0.23979742 0.85897761
v -0.12196991 0.23979742 0.85897761
v -0.08295630 0.25595739 0.85897761
v -0.08295630 0.25595739 0.85897761
v -0.04189501 0.26581534 0.85897761
v -0.04189501 0.26581534 0.85897761
v 0.04229831 0.26580008 0.85269326
v 0.08335723 0.25594269 0.85269326
v 0.12236860 0.23978364 0.85269326
v 0.15837186 0.21772083 0.85269326
v 0.19048048 0.19029749 0.85269326
v 0.21790382 0.15818887 0.85269326
v 0.23996663 0.12218562 0.85269326
v 0.25612567 0.08317424 0.85269326
v 0.26598306 0.04211532 0.85269326
v 0.26929602 0.00001987 0.85269326
v 0.26598306 -0.04207558 0.85269326
v 0.25612567 -0.08313450 0.85269326
v 0.23996663 -0.12214588 0.85269326
v 0.21790382 -0.15814913 0.85269326
v 0.19048048 -0.19025775 0.85269326
v 0.15837186 -0.21768109 0.85269326
v 0.12236860 -0.23974390 0.85269326
v 0.08335723 -0.25590295 0.85269326
v 0.04229831 -0.26576034 0.85269326
v 0.00020286 -0.26907329 0.85269326
v -0.04189259 -0.26576034 0.85269326
v -0.08295151 -0.25590295 0.85269326
v -0.12196290 -0.23974390 0.85269326
v -0.15796615 -0.21768109 0.85269326
v -0.15796615 -0.21768109 0.85269326
v -0.19007476 -0.19025775 0.85269326
v -0.21749810 -0.15814913 0.85269326
v -0.23956091 -0.12214588 0.85269326
v -0.25571996 -0.08313450 0.85269326
v -0.26557736 -0.04207558 0.85269326
v -0.26889030 0.00001987 0.85269326
v -0.26557736 0.04211532 0.85269326
v -0.25571996 0.08317424 0.85269326
v -0.23956091 0.12218562 0.85269326
v -0.21749810 0.15818887 0.85269326
v -0.19007476 0.19029749 0.85269326
v -0.15796615 0.21772083 0.85269326
v -0.12196290 0.23978364 0.85269326
v -0.08295151 0.25594269 0.85269326
v -0.04189259 0.26580008 0.85269326
v 0.00020286 0.26911303 0.85269326
v 0.00020286 0.27267113 0.85397273
v 0.00020286 0.27265923 0.85840326
v -0.04244735 0.26930260 0.85840326
v -0.08404734 0.25931530 0.85840326
v -0.12357283 0.24294331 0.85840326
v -0.16005055 0.22058975 0.85840326
v -0.19258229 0.19280501 0.85840326
v -0.22036702 0.16027328 0.85840326
v -0.24272058 0.12379556 0.85840326
v -0.25909257 0.08427007 0.85840326
v -0.26907987 0.04267007 0.85840326
v -0.27243650 0.00001987 0.85840326
v -0.26907987 -0.04263033 0.85840326
v -0.25909257 -0.08423033 0.85840326
v -0.24272058 -0.12375582 0.85840326
v -0.22036702 -0.16023354 0.85840326
v -0.19258229 -0.19276527 0.85840326
v -0.16005055 -0.22055001 0.85840326
v -0.16005055 -0.22055001 0.85840326
v -0.12357283 -0.24290357 0.85840326
v -0.08404734 -0.25927556 0.85840326
v -0.04244735 -0.26926286 0.85840326
v 0.00020286 -0.27261949 0.85840326
v 0.04285305 -0.26926286 0.85840326
v 0.08445306 -0.25927556 0.85840326
v 0.12397854 -0.24290357 0.85840326
v 0.16045627 -0.22055001 0.85840326
v 0.19298800 -0.19276527 0.85840326
v 0.22077273 -0.16023354 0.85840326
v 0.24312629 -0.12375582 0.85840326
v 0.25949828 -0.08423033 0.85840326
v 0.26948559 -0.04263033 0.85840326
v 0.27284221 0.00001987 0.85840326
v 0.26948559 0.04267007 0.85840326
v 0.25949828 0.08427007 0.85840326
v 0.24312629 0.12379556 0.85840326
v 0.22077273 0.16027328 0.85840326
v 0.19298800 0.19280501 0.85840326
v 0.16045627 0.22058975 0.85840326
v 0.12397854 0.24294331 0.85840326
v 0.08445306 0.25931530 0.85840326
v 0.04285305 0.26930260 0.85840326
v 0.04285491 0.26931440 0.85397273
v 0.08445674 0.25932666 0.85397273
v 0.12398397 0.24295393 0.85397273
v 0.16046327 0.22059939 0.85397273
v 0.19299644 0.19281346 0.85397273
v 0.22078238 0.16028028 0.85397273
v 0.24313691 0.12380098 0.85397273
v 0.25950965 0.08427375 0.85397273
v 0.26949739 0.04267193 0.85397273
v 0.27285411 0.00001987 0.85397273
v 0.26949739 -0.04263219 0.85397273
v 0.25950965 -0.08423401 0.85397273
v 0.24313691 -0.12376124 0.85397273
v 0.22078238 -0.16024054 0.85397273
v 0.19299644 -0.19277372 0.85397273
v 0.16046327 -0.22055965 0.85397273
v 0.12398397 -0.24291419 0.85397273
v 0.08445674 -0.25928692 0.85397273
v 0.04285491 -0.26927466 0.85397273
v 0.00020286 -0.27263139 0.85397273
v -0.04244920 -0.26927466 0.85397273
v -0.08405103 -0.25928692 0.85397273
v -0.12357826 -0.24291419 0.85397273
v -0.16005756 -0.22055965 0.85397273
v -0.16005756 -0.22055965 0.85397273
v -0.19259074 -0.19277372 0.85397273
v -0.22037666 -0.16024054 0.85397273
v -0.24273121 -0.12376124 0.85397273
v -0.25910394 -0.08423401 0.85397273
v -0.26909167 -0.04263219 0.85397273
v -0.27244841 0.00001987 0.85397273
v -0.26909167 0.04267193 0.85397273
v -0.25910394 0.08427375 0.85397273
v -0.24273121 0.12380098 0.85397273
v -0.22037666 0.16028028 0.85397273
v -0.19259074 0.19281346 0.85397273
v -0.16005756 0.22059939 0.85397273
v -0.12357826 0.24295393 0.85397273
v -0.08405103 0.25932666 0.85397273
v -0.04244920 0.26931440 0.85397273
v 0.21839229 0.15854379 0.85353088
v -0.25629424 0.08336083 0.85353088
v 0.19090742 0.19072444 0.85353088
v -0.26617373 0.04220978 0.85353088
v 0.15872678 0.21820930 0.85353088
v -0.26949409 0.00001987 0.85353088
v 0.12264273 0.24032161 0.85353088
v -0.26617373 -0.04217004 0.85353088
v 0.08354382 0.25651696 0.85353088
v -0.25629424 -0.08332109 0.85353088
v 0.04239277 0.26639645 0.85353088
v 0.00020286 0.26971682 0.85353088
v -0.24009888 -0.12242001 0.85353088
v -0.21798658 -0.15850405 0.85353088
v -0.19050172 -0.19068470 0.85353088
v -0.15832106 -0.21816956 0.85353088
v -0.15832106 -0.21816956 0.85353088
v -0.12223702 -0.24028187 0.85353088
v -0.08313811 -0.25647722 0.85353088
v -0.04198705 -0.26635671 0.85353088
v 0.00020286 -0.26967708 0.85353088
v -0.24009888 0.12245975 0.85353088
v 0.24050460 0.12245975 0.85353088
v -0.21798658 0.15854379 0.85353088
v 0.25669994 0.08336083 0.85353088
v -0.19050172 0.19072444 0.85353088
v 0.26657943 0.04220978 0.85353088
v -0.15832106 0.21820930 0.85353088
v 0.26989981 0.00001987 0.85353088
v -0.12223702 0.24032161 0.85353088
v 0.26657943 -0.04217004 0.85353088
v -0.08313811 0.25651696 0.85353088
v 0.25669994 -0.08332109 0.85353088
v -0.04198705 0.26639645 0.85353088
v 0.24050460 -0.12242001 0.85353088
v 0.21839229 -0.15850405 0.85353088
v 0.19090742 -0.19068470 0.85353088
v 0.15872678 -0.21816956 0.85353088
v 0.12264273 -0.24028187 0.85353088
v 0.08354382 -0.25647722 0.85353088
v 0.04239277 -0.26635671 0.85353088
v 0.04311907 0.27098211 0.85618698
v 0.16145578 0.22196544 0.85618698
v 0.24464141 0.12456755 0.85618698
v 0.27454266 0.00001987 0.85618698
v 0.27116510 -0.04289633 0.85618698
v 0.22214843 -0.16123305 0.85618698
v 0.04311907 -0.27094237 0.85618698
v -0.04271335 -0.27094237 0.85618698
v -0.08457280 -0.26089279 0.85618698
v -0.12434482 -0.24441869 0.85618698
v -0.19378471 -0.19396769 0.85618698
v -0.24423571 -0.12452781 0.85618698
v -0.26070980 -0.08475579 0.85618698
v -0.27075938 -0.04289633 0.85618698
v -0.27413694 0.00001987 0.85618698
v -0.27075938 0.04293607 0.85618698
v -0.26070980 0.08479553 0.85618698
v -0.22174269 0.16127279 0.85618698
v -0.19378471 0.19400743 0.85618698
v -0.16105007 0.22196544 0.85618698
v -0.12434482 0.24445843 0.85618698
v 0.08496403 0.26088788 0.85618698
v 0.12472922 0.24441659 0.85618698
v 0.19415721 0.19397423 0.85618698
v 0.22211047 0.16124517 0.85618698
v 0.26107087 0.08478104 0.85618698
v 0.27111875 0.04292873 0.85618698
v 0.26107087 -0.08474130 0.85618698
v 0.24459958 -0.12450650 0.85618698
v 0.19415721 -0.19393449 0.85618698
v 0.16142816 -0.22188773 0.85618698
v 0.12472922 -0.24437685 0.85618698
v 0.08496403 -0.26084814 0.85618698
v 0.00020286 -0.27427299 0.85618698
v -0.16102245 -0.22188773 0.85618698
v -0.16102245 -0.22188773 0.85618698
v -0.22170474 -0.16120543 0.85618698
v -0.24419387 0.12454624 0.85618698
v -0.08455831 0.26088788 0.85618698
v -0.04270600 0.27093577 0.85618698
v 0.00020286 0.27431273 0.85618698
v 0.04304302 0.27050208 0.85462838
v 0.08482832 0.26047023 0.85462838
v 0.12452987 0.24402531 0.85462838
v 0.16117005 0.22157220 0.85462838
v 0.19384670 0.19366372 0.85462838
v 0.22175518 0.16098706 0.85462838
v 0.24420830 0.12434688 0.85462838
v 0.26065321 0.08464533 0.85462838
v 0.27068506 0.04286003 0.85462838
v 0.27405657 0.00001987 0.85462838
v 0.27068506 -0.04282029 0.85462838
v 0.26065321 -0.08460559 0.85462838
v 0.24420830 -0.12430714 0.85462838
v 0.22175518 -0.16094732 0.85462838
v 0.19384670 -0.19362398 0.85462838
v 0.16117005 -0.22153246 0.85462838
v 0.12452987 -0.24398557 0.85462838
v 0.08482832 -0.26043049 0.85462838
v 0.04304302 -0.27046234 0.85462838
v 0.00020286 -0.27383385 0.85462838
v -0.04263731 -0.27046234 0.85462838
v -0.08442260 -0.26043049 0.85462838
v -0.12412416 -0.24398557 0.85462838
v -0.16076433 -0.22153246 0.85462838
v -0.16076433 -0.22153246 0.85462838
v -0.19344100 -0.19362398 0.85462838
v -0.22134948 -0.16094732 0.85462838
v -0.24380259 -0.12430714 0.85462838
v -0.26024750 -0.08460559 0.85462838
v -0.27027935 -0.04282029 0.85462838
v -0.27365087 0.00001987 0.85462838
v -0.27027935 0.04286003 0.85462838
v -0.26024750 0.08464533 0.85462838
v -0.24380259 0.12434688 0.85462838
v -0.22134948 0.16098706 0.85462838
v -0.19344100 0.19366372 0.85462838
v -0.16076433 0.22157220 0.85462838
v -0.12412416 0.24402531 0.85462838
v -0.08442260 0.26047023 0.85462838
v -0.04263731 0.27050208 0.85462838
v 0.00020286 0.27387359 0.85462838
v 0.00020286 0.27382221 0.85779869
v 0.04303498 0.27045124 0.85779869
v 0.08481243 0.26042133 0.85779869
v 0.12450652 0.24397954 0.85779869
v 0.16113985 0.22153062 0.85779869
v 0.19381034 0.19362735 0.85779869
v 0.22171360 0.16095687 0.85779869
v 0.24416252 0.12432354 0.85779869
v 0.26060431 0.08462945 0.85779869
v 0.27063422 0.04285199 0.85779869
v 0.27400520 0.00001987 0.85779869
v 0.27063422 -0.04281225 0.85779869
v 0.26060431 -0.08458971 0.85779869
v 0.24416252 -0.12428380 0.85779869
v 0.22171360 -0.16091713 0.85779869
v 0.19381034 -0.19358761 0.85779869
v 0.16113985 -0.22149088 0.85779869
v 0.12450652 -0.24393980 0.85779869
v 0.08481243 -0.26038159 0.85779869
v 0.04303498 -0.27041150 0.85779869
v 0.00020286 -0.27378247 0.85779869
v -0.04262926 -0.27041150 0.85779869
v -0.08440673 -0.26038159 0.85779869
v -0.12410081 -0.24393980 0.85779869
v -0.16073414 -0.22149088 0.85779869
v -0.16073414 -0.22149088 0.85779869
v -0.19340462 -0.19358761 0.85779869
v -0.22130789 -0.16091713 0.85779869
v -0.24375682 -0.12428380 0.85779869
v -0.26019861 -0.08458971 0.85779869
v -0.27022852 -0.04281225 0.85779869
v -0.27359948 0.00001987 0.85779869
v -0.27022852 0.04285199 0.85779869
v -0.26019861 0.08462945 0.85779869
v -0.24375682 0.12432354 0.85779869
v -0.22130789 0.16095687 0.85779869
v -0.19340462 0.19362735 0.85779869
v -0.16073414 0.22153062 0.85779869
v -0.12410081 0.24397954 0.85779869
v -0.08440673 0.26042133 0.85779869
v -0.04262926 0.27045124 0.85779869
v 0.00020286 0.26798820 0.82673680
v 0.04212234 0.26468911 0.82673680
v 0.08300963 0.25487294 0.82673680
v 0.12185796 0.23878141 0.82673680
v 0.15771069 0.21681083 0.82673680
v 0.18968510 0.18950211 0.82673680
v 0.21699381 0.15752771 0.82673680
v 0.23896440 0.12167497 0.82673680
v 0.25505593 0.08282664 0.82673680
v 0.26487210 0.04193935 0.82673680
v 0.26817118 0.00001987 0.82673680
v 0.26487210 -0.04189961 0.82673680
v 0.25505593 -0.08278690 0.82673680
v 0.23896440 -0.12163523 0.82673680
v 0.21699381 -0.15748797 0.82673680
v 0.18968510 -0.18946237 0.82673680
v 0.15771069 -0.21677109 0.82673680
v 0.12185796 -0.23874167 0.82673680
v 0.08300963 -0.25483320 0.82673680
v 0.04212234 -0.26464937 0.82673680
v 0.00020286 -0.26794846 0.82673680
v -0.04171663 -0.26464937 0.82673680
v -0.08260391 -0.25483320 0.82673680
v -0.12145225 -0.23874167 0.82673680
v -0.15730499 -0.21677109 0.82673680
v -0.15730499 -0.21677109 0.82673680
v -0.18927939 -0.18946237 0.82673680
v -0.21658810 -0.15748797 0.82673680
v -0.23855868 -0.12163523 0.82673680
v -0.25465021 -0.08278690 0.82673680
v -0.26446638 -0.04189961 0.82673680
v -0.26776548 0.00001987 0.82673680
v -0.26446638 0.04193935 0.82673680
v -0.25465021 0.08282664 0.82673680
v -0.23855868 0.12167497 0.82673680
v -0.21658810 0.15752771 0.82673680
v -0.18927939 0.18950211 0.82673680
v -0.15730499 0.21681083 0.82673680
v -0.12145225 0.23878141 0.82673680
v -0.08260391 0.25487294 0.82673680
v -0.04171663 0.26468911 0.82673680
v 0.04231839 0.26592683 0.90615880
v 0.04231839 0.26592683 0.90615880
v 0.00020286 0.26924138 0.90615880
v 0.00020286 0.26924138 0.90615880
v 0.08339689 0.25606476 0.90615880
v 0.08339689 0.25606476 0.90615880
v 0.12242689 0.23989800 0.90615880
v 0.12242689 0.23989800 0.90615880
v 0.15844728 0.21782466 0.90615880
v 0.15844728 0.21782466 0.90615880
v 0.19057122 0.19038824 0.90615880
v 0.19057122 0.19038824 0.90615880
v 0.21800764 0.15826430 0.90615880
v 0.21800764 0.15826430 0.90615880
v 0.24008099 0.12224390 0.90615880
v 0.24008099 0.12224390 0.90615880
v 0.25624774 0.08321390 0.90615880
v 0.25624774 0.08321390 0.90615880
v 0.26610982 0.04213540 0.90615880
v 0.26610982 0.04213540 0.90615880
v 0.26942437 0.00001987 0.90615880
v 0.26942437 0.00001987 0.90615880
v 0.26610982 -0.04209566 0.90615880
v 0.26610982 -0.04209566 0.90615880
v 0.25624774 -0.08317416 0.90615880
v 0.25624774 -0.08317416 0.90615880
v 0.24008099 -0.12220416 0.90615880
v 0.24008099 -0.12220416 0.90615880
v 0.21800764 -0.15822456 0.90615880
v 0.21800764 -0.15822456 0.90615880
v 0.19057122 -0.19034850 0.90615880
v 0.19057122 -0.19034850 0.90615880
v 0.15844728 -0.21778492 0.90615880
v 0.15844728 -0.21778492 0.90615880
v 0.12242689 -0.23985826 0.90615880
v 0.12242689 -0.23985826 0.90615880
v 0.08339689 -0.25602502 0.90615880
v 0.08339689 -0.25602502 0.90615880
v 0.04231839 -0.26588709 0.90615880
v 0.04231839 -0.26588709 0.90615880
v 0.00020286 -0.26920164 0.90615880
v 0.00020286 -0.26920164 0.90615880
v -0.04191268 -0.26588709 0.90615880
v -0.04191268 -0.26588709 0.90615880
v -0.08299117 -0.25602502 0.90615880
v -0.08299117 -0.25602502 0.90615880
v -0.12202117 -0.23985826 0.90615880
v -0.12202117 -0.23985826 0.90615880
v -0.15804157 -0.21778492 0.90615880
v -0.15804157 -0.21778492 0.90615880
v -0.15804157 -0.21778492 0.90615880
v -0.19016552 -0.19034850 0.90615880
v -0.19016552 -0.19034850 0.90615880
v -0.21760194 -0.15822456 0.90615880
v -0.21760194 -0.15822456 0.90615880
v -0.23967528 -0.12220416 0.90615880
v -0.23967528 -0.12220416 0.90615880
v -0.25584204 -0.08317416 0.90615880
v -0.25584204 -0.08317416 0.90615880
v -0.26570410 -0.04209566 0.90615880
v -0.26570410 -0.04209566 0.90615880
v -0.26901865 0.00001987 0.90615880
v -0.26901865 0.00001987 0.90615880
v -0.26570410 0.04213540 0.90615880
v -0.26570410 0.04213540 0.90615880
v -0.25584204 0.08321390 0.90615880
v -0.25584204 0.08321390 0.90615880
v -0.23967528 0.12224390 0.90615880
v -0.23967528 0.12224390 0.90615880
v -0.21760194 0.15826430 0.90615880
v -0.21760194 0.15826430 0.90615880
v -0.19016552 0.19038824 0.90615880
v -0.19016552 0.19038824 0.90615880
v -0.15804157 0.21782466 0.90615880
v -0.15804157 0.21782466 0.90615880
v -0.12202117 0.23989800 0.90615880
v -0.12202117 0.23989800 0.90615880
v -0.08299117 0.25606476 0.90615880
v -0.08299117 0.25606476 0.90615880
v -0.04191268 0.26592683 0.90615880
v -0.04191268 0.26592683 0.90615880
v 0.00020291 0.00001987 0.08045175
v 0.04074587 0.25599801 0.08045173
v 0.04074587 0.25599801 0.08045173
v 0.00020291 0.25918879 0.08045173
v 0.00020291 0.25918879 0.08045173
v 0.08029053 0.24650415 0.08045173
v 0.08029053 0.24650415 0.08045173
v 0.11786315 0.23094105 0.08045173
v 0.11786315 0.23094105 0.08045173
v 0.15253857 0.20969193 0.08045173
v 0.15253857 0.20969193 0.08045173
v 0.18346302 0.18327998 0.08045173
v 0.18346302 0.18327998 0.08045173
v 0.20987500 0.15235553 0.08045173
v 0.20987500 0.15235553 0.08045173
v 0.23112410 0.11768009 0.08045173
v 0.23112410 0.11768009 0.08045173
v 0.24668721 0.08010747 0.08045173
v 0.24668721 0.08010747 0.08045173
v 0.25618106 0.04056283 0.08045173
v 0.25618106 0.04056283 0.08045173
v 0.25937183 0.00001987 0.08045173
v 0.25937183 0.00001987 0.08045173
v 0.25618106 -0.04052309 0.08045173
v 0.25618106 -0.04052309 0.08045173
v 0.24668721 -0.08006773 0.08045173
v 0.24668721 -0.08006773 0.08045173
v 0.23112410 -0.11764035 0.08045173
v 0.23112410 -0.11764035 0.08045173
v 0.20987500 -0.15231580 0.08045173
v 0.20987500 -0.15231580 0.08045173
v 0.18346302 -0.18324024 0.08045173
v 0.18346302 -0.18324024 0.08045173
v 0.15253857 -0.20965219 0.08045173
v 0.15253857 -0.20965219 0.08045173
v 0.11786315 -0.23090131 0.08045173
v 0.11786315 -0.23090131 0.08045173
v 0.08029053 -0.24646441 0.08045173
v 0.08029053 -0.24646441 0.08045173
v 0.04074587 -0.25595828 0.08045173
v 0.04074587 -0.25595828 0.08045173
v 0.00020291 -0.25914906 0.08045173
v 0.00020291 -0.25914906 0.08045173
v -0.04034004 -0.25595828 0.08045173
v -0.04034004 -0.25595828 0.08045173
v -0.07988469 -0.24646441 0.08045173
v -0.07988469 -0.24646441 0.08045173
v -0.11745731 -0.23090131 0.08045173
v -0.11745731 -0.23090131 0.08045173
v -0.15213273 -0.20965219 0.08045173
v -0.15213273 -0.20965219 0.08045173
v -0.15213273 -0.20965219 0.08045173
v -0.18305719 -0.18324024 0.08045173
v -0.18305719 -0.18324024 0.08045173
v -0.20946915 -0.15231580 0.08045173
v -0.20946915 -0.15231580 0.08045173
v -0.23071826 -0.11764035 0.08045173
v -0.23071826 -0.11764035 0.08045173
v -0.24628136 -0.08006773 0.08045173
v -0.24628136 -0.08006773 0.08045173
v -0.25577522 -0.04052309 0.08045173
v -0.25577522 -0.04052309 0.08045173
v -0.25896600 0.00001987 0.08045173
v -0.25896600 0.00001987 0.08045173
v -0.25577522 0.04056283 0.08045173
v -0.25577522 0.04056283 0.08045173
v -0.24628136 0.08010747 0.08045173
v -0.24628136 0.08010747 0.08045173
v -0.23071826 0.11768009 0.08045173
v -0.23071826 0.11768009 0.08045173
v -0.20946915 0.15235553 0.08045173
v -0.20946915 0.15235553 0.08045173
v -0.18305719 0.18327998 0.08045173
v -0.18305719 0.18327998 0.08045173
v -0.15213273 0.20969193 0.08045173
v -0.15213273 0.20969193 0.08045173
v -0.11745731 0.23094105 0.08045173
v -0.11745731 0.23094105 0.08045173
v -0.07988469 0.24650415 0.08045173
v -0.07988469 0.24650415 0.08045173
v -0.04034004 0.25599801 0.08045173
v -0.04034004 0.25599801 0.08045173
v 0.26437163 -0.07199857 0.71747297
v 0.26437163 -0.07199857 0.71747297
v 0.26437163 -0.07199857 0.71747297
v 0.28855287 -0.08386931 0.65544617
v 0.28855287 -0.08386931 0.65544617
v 0.27203463 -0.07567431 0.66819214
v 0.27203463 -0.07567431 0.66819214
v 0.28213213 -0.08069653 0.66621941
v 0.28213213 -0.08069653 0.66621941
v 0.26950817 -0.05834830 0.71754056
v 0.26950817 -0.05834830 0.71754056
v 0.26671677 -0.07302035 0.66508919
v 0.26671677 -0.07302035 0.66508919
v 0.26671677 -0.07302035 0.66508919
v 0.27910988 0.00008007 0.71757304
v 0.27910988 0.00008007 0.71757304
v 0.27481012 -0.03901659 0.71756470
v 0.27481012 -0.03901659 0.71756470
v 0.27743267 -0.06093953 0.66840386
v 0.28814327 -0.06482575 0.66632884
v 0.29491936 -0.06716832 0.65546387
v 0.27180217 -0.05917358 0.66505903
v 0.27180217 -0.05917358 0.66505903
v 0.27728271 -0.03957763 0.66491377
v 0.27728271 -0.03957763 0.66491377
v 0.30102466 -0.04491679 0.65546399
v 0.28296481 -0.04084752 0.66835743
v 0.29403829 -0.04334707 0.66632771
v 0.28153060 0.00008007 0.66508019
v 0.28153060 0.00008007 0.66508019
v 0.30597287 0.00008007 0.65546512
v 0.29881416 0.00008007 0.66632890
v 0.28739440 0.00008007 0.66840517
v 0.25633077 -0.06799584 0.71746730
v 0.25633077 -0.06799584 0.71746730
v 0.25633077 -0.06799584 0.71746730
v 0.26101517 -0.05541114 0.71754056
v 0.26101517 -0.05541114 0.71754056
v 0.25953107 -0.06941792 0.65342545
v 0.25953107 -0.06941792 0.65342545
v 0.25953107 -0.06941792 0.65342545
v 0.27013540 0.00008007 0.71757292
v 0.27013540 0.00008007 0.71757292
v 0.26605122 -0.03704897 0.71756470
v 0.26605122 -0.03704897 0.71756470
v 0.26418452 -0.05654020 0.65342241
v 0.26418452 -0.05654020 0.65342241
v 0.29883604 0.00008007 0.64933121
v 0.26932823 -0.03779321 0.65342241
v 0.26932823 -0.03779321 0.65342241
v 0.29408377 -0.04336056 0.64933121
v 0.27349518 0.00008007 0.65342336
v 0.27349518 0.00008007 0.65342336
v 0.28819155 -0.06494680 0.64933121
v 0.28090303 -0.08004791 0.64933067
v 0.28090303 -0.08004791 0.64933067
v 0.28162722 0.00008007 0.65747153
v 0.27727388 -0.03951425 0.65747159
v 0.27188748 -0.05910741 0.65747243
v 0.26659447 -0.07294271 0.65740436
v 0.26659447 -0.07294271 0.65740436
v 0.26997696 -0.06293487 0.70221734
v 0.26997696 -0.06293487 0.70221734
v 0.27105200 -0.06520801 0.70668083
v 0.26880455 -0.06606773 0.71094006
v 0.26880455 -0.06606773 0.71094006
v 0.26880455 -0.06606773 0.71094006
v 0.26880455 -0.06606773 0.71094006
v 0.26784545 -0.06847816 0.70848017
v 0.26784545 -0.06847816 0.70848017
v 0.26779156 -0.06855901 0.70490640
v 0.26779156 -0.06855901 0.70490640
v 0.26867448 -0.06626290 0.70231229
v 0.26867448 -0.06626290 0.70231229
v 0.27093600 -0.06052443 0.70467728
v 0.27093600 -0.06052443 0.70467728
v 0.27098989 -0.06044359 0.70825100
v 0.27098989 -0.06044359 0.70825100
v 0.27010703 -0.06273969 0.71084517
v 0.27010703 -0.06273969 0.71084517
v 0.26803660 -0.06204989 0.70192545
v 0.26678246 -0.06540125 0.71125662
v 0.26678246 -0.06540125 0.71125662
v 0.26575648 -0.06797981 0.70862513
v 0.26569885 -0.06806630 0.70480209
v 0.26664328 -0.06561004 0.70202702
v 0.26906256 -0.05947132 0.70455694
v 0.26912021 -0.05938484 0.70837998
v 0.26817577 -0.06184109 0.71115505
v 0.28011565 -0.07966343 0.65275389
v 0.28011565 -0.07966343 0.65275389
v 0.28673612 -0.06449776 0.65338724
v 0.29258585 -0.04306101 0.65342396
v 0.29730903 0.00008007 0.65342927
v 0.27638101 -0.07781489 0.65760469
v 0.27638101 -0.07781489 0.65760469
v 0.27143859 -0.07535609 0.65830940
v 0.27143859 -0.07535609 0.65830940
v 0.30691874 0.00008007 0.64933121
v 0.30195610 -0.04509679 0.64933121
v 0.29582422 -0.06745365 0.64933121
v 0.28918158 -0.08416899 0.64933085
v 0.28918158 -0.08416899 0.64933085
v 0.28227675 -0.06317019 0.65839254
v 0.27680807 -0.06104077 0.65882337
v 0.28799760 -0.04219423 0.65840321
v 0.28234213 -0.04079390 0.65882504
v 0.28683710 0.00008007 0.65882432
v 0.29263334 0.00008007 0.65840882
v 0.28575532 -0.08248899 0.66109502
v 0.28575532 -0.08248899 0.66109502
v 0.29213154 -0.06618411 0.66127443
v 0.29814850 -0.04424808 0.66127437
v 0.30302148 0.00008007 0.66127133
v 0.27848075 -0.07885654 0.65595674
v 0.27848075 -0.07885654 0.65595674
v 0.28484404 -0.06400767 0.65678119
v 0.29063868 -0.04272935 0.65681040
v 0.29532533 0.00008007 0.65681815
v 0.30596679 -0.02325993 0.64933121
v 0.27845501 -0.01994527 0.71757054
v 0.27845501 -0.01994527 0.71757054
v 0.28092181 -0.02023738 0.66497236
v 0.28092181 -0.02023738 0.66497236
v 0.30502903 -0.02300261 0.65546381
v 0.29794870 -0.02218872 0.66632688
v 0.28669368 -0.02105907 0.66837668
v 0.26829831 -0.01900601 0.71757054
v 0.26829831 -0.01900601 0.71757054
v 0.27162163 -0.01939032 0.65342241
v 0.27162163 -0.01939032 0.65342241
v 0.27967733 -0.02029372 0.65747129
v 0.29521130 -0.02233921 0.65340429
v 0.29671381 -0.02251924 0.64933121
v 0.29056352 -0.02174657 0.65840315
v 0.28481644 -0.02095048 0.65882480
v 0.29324393 -0.02209339 0.65680021
v 0.30210942 -0.02282001 0.66127318
v 0.27703708 -0.07816482 0.66832178
v 0.27703708 -0.07816482 0.66832178
v 0.28274618 -0.06312088 0.66879546
v 0.28848718 -0.04219990 0.66879534
v 0.29314053 0.00008007 0.66879469
v 0.27438848 -0.07682447 0.65828031
v 0.27438848 -0.07682447 0.65828031
v 0.28000783 -0.06231562 0.65898817
v 0.28565347 -0.04163652 0.65899086
v 0.29023503 0.00008007 0.65899294
v 0.28817957 -0.02142037 0.65899205
v 0.29232955 -0.02158618 0.66879510
v 0.25917666 -0.06925680 0.66045868
v 0.25917666 -0.06925680 0.66045868
v 0.26383209 -0.05641463 0.66046416
v 0.26896375 -0.03771043 0.66046685
v 0.27312153 0.00008007 0.66046857
v 0.27125202 -0.01934758 0.66046750
v 0.26437163 0.07215872 0.71747297
v 0.26437163 0.07215872 0.71747297
v 0.26437163 0.07215872 0.71747297
v 0.28855287 0.08402945 0.65544617
v 0.28855287 0.08402945 0.65544617
v 0.27203463 0.07583445 0.66819214
v 0.27203463 0.07583445 0.66819214
v 0.28213213 0.08085667 0.66621941
v 0.28213213 0.08085667 0.66621941
v 0.26950817 0.05850844 0.71754056
v 0.26950817 0.05850844 0.71754056
v 0.26671677 0.07318049 0.66508919
v 0.26671677 0.07318049 0.66508919
v 0.26671677 0.07318049 0.66508919
v 0.27481012 0.03917673 0.71756470
v 0.27481012 0.03917673 0.71756470
v 0.27743267 0.06109967 0.66840386
v 0.28814327 0.06498589 0.66632884
v 0.29491936 0.06732846 0.65546387
v 0.27180217 0.05933372 0.66505903
v 0.27180217 0.05933372 0.66505903
v 0.27728271 0.03973778 0.66491377
v 0.27728271 0.03973778 0.66491377
v 0.30102466 0.04507693 0.65546399
v 0.28296481 0.04100766 0.66835743
v 0.29403829 0.04350721 0.66632771
v 0.25633077 0.06815598 0.71746730
v 0.25633077 0.06815598 0.71746730
v 0.25633077 0.06815598 0.71746730
v 0.26101517 0.05557128 0.71754056
v 0.26101517 0.05557128 0.71754056
v 0.25953107 0.06957807 0.65342545
v 0.25953107 0.06957807 0.65342545
v 0.25953107 0.06957807 0.65342545
v 0.26605122 0.03720911 0.71756470
v 0.26605122 0.03720911 0.71756470
v 0.26418452 0.05670034 0.65342241
v 0.26418452 0.05670034 0.65342241
v 0.26932823 0.03795335 0.65342241
v 0.26932823 0.03795335 0.65342241
v 0.29408377 0.04352070 0.64933121
v 0.28819155 0.06510694 0.64933121
v 0.28090303 0.08020805 0.64933067
v 0.28090303 0.08020805 0.64933067
v 0.27727388 0.03967439 0.65747159
v 0.27188748 0.05926755 0.65747243
v 0.26659447 0.07310285 0.65740436
v 0.26659447 0.07310285 0.65740436
v 0.26997696 0.06309501 0.70221734
v 0.26997696 0.06309501 0.70221734
v 0.27105200 0.06536815 0.70668083
v 0.26880455 0.06622787 0.71094006
v 0.26880455 0.06622787 0.71094006
v 0.26784545 0.06863830 0.70848017
v 0.26784545 0.06863830 0.70848017
v 0.26779156 0.06871915 0.70490640
v 0.26779156 0.06871915 0.70490640
v 0.26867448 0.06642304 0.70231229
v 0.26867448 0.06642304 0.70231229
v 0.27093600 0.06068458 0.70467728
v 0.27093600 0.06068458 0.70467728
v 0.27098989 0.06060373 0.70825100
v 0.27098989 0.06060373 0.70825100
v 0.27010703 0.06289983 0.71084517
v 0.27010703 0.06289983 0.71084517
v 0.27010703 0.06289983 0.71084517
v 0.27010703 0.06289983 0.71084517
v 0.26803660 0.06221003 0.70192545
v 0.26678246 0.06556139 0.71125662
v 0.26575648 0.06813995 0.70862513
v 0.26569885 0.06822644 0.70480209
v 0.26664328 0.06577019 0.70202702
v 0.26906256 0.05963146 0.70455694
v 0.26912021 0.05954498 0.70837998
v 0.26817577 0.06200124 0.71115505
v 0.26817577 0.06200124 0.71115505
v 0.28011565 0.07982357 0.65275389
v 0.28011565 0.07982357 0.65275389
v 0.28673612 0.06465790 0.65338724
v 0.29258585 0.04322115 0.65342396
v 0.27638101 0.07797503 0.65760469
v 0.27638101 0.07797503 0.65760469
v 0.27143859 0.07551623 0.65830940
v 0.27143859 0.07551623 0.65830940
v 0.30195610 0.04525693 0.64933121
v 0.29582422 0.06761379 0.64933121
v 0.28918158 0.08432913 0.64933085
v 0.28918158 0.08432913 0.64933085
v 0.28227675 0.06333033 0.65839254
v 0.27680807 0.06120091 0.65882337
v 0.28799760 0.04235437 0.65840321
v 0.28234213 0.04095405 0.65882504
v 0.28575532 0.08264913 0.66109502
v 0.28575532 0.08264913 0.66109502
v 0.29213154 0.06634425 0.66127443
v 0.29814850 0.04440822 0.66127437
v 0.27848075 0.07901668 0.65595674
v 0.27848075 0.07901668 0.65595674
v 0.28484404 0.06416781 0.65678119
v 0.29063868 0.04288949 0.65681040
v 0.30598526 0.02331953 0.64933121
v 0.27847176 0.02001760 0.71757054
v 0.27847176 0.02001760 0.71757054
v 0.28093856 0.02030848 0.66497266
v 0.28093856 0.02030848 0.66497266
v 0.30504744 0.02306185 0.65546381
v 0.29796671 0.02225144 0.66632688
v 0.28671085 0.02112810 0.66837674
v 0.26830868 0.01908308 0.71757054
v 0.26830868 0.01908308 0.71757054
v 0.27163224 0.01946573 0.65342241
v 0.27163224 0.01946573 0.65342241
v 0.27968840 0.02036536 0.65747129
v 0.29522341 0.02240394 0.65340417
v 0.29672598 0.02258343 0.64933121
v 0.29057532 0.02181256 0.65840315
v 0.28482782 0.02101926 0.65882480
v 0.29325591 0.02215852 0.65680015
v 0.30212765 0.02288149 0.66127318
v 0.27703708 0.07832496 0.66832178
v 0.27703708 0.07832496 0.66832178
v 0.28274618 0.06328102 0.66879546
v 0.28848718 0.04236004 0.66879534
v 0.27438848 0.07698461 0.65828031
v 0.27438848 0.07698461 0.65828031
v 0.28000783 0.06247577 0.65898817
v 0.28565347 0.04179666 0.65899086
v 0.28819124 0.02148743 0.65899205
v 0.29234725 0.02165141 0.66879510
v 0.25917666 0.06941694 0.66045868
v 0.25917666 0.06941694 0.66045868
v 0.26383209 0.05657477 0.66046416
v 0.26896375 0.03787057 0.66046685
v 0.27126258 0.01942317 0.66046750
v 0.26448862 -0.07176362 0.60708230
v 0.26448862 -0.07176362 0.60708230
v 0.26448862 -0.07176362 0.60708230
v 0.28856349 -0.08384798 0.64321708
v 0.28856349 -0.08384798 0.64321708
v 0.27206735 -0.07560850 0.63047009
v 0.27206735 -0.07560850 0.63047009
v 0.28216147 -0.08063760 0.63244473
v 0.28216147 -0.08063760 0.63244473
v 0.26950817 -0.05834830 0.60701179
v 0.26950817 -0.05834830 0.60701179
v 0.26674413 -0.07296536 0.63357263
v 0.26674413 -0.07296536 0.63357263
v 0.26674413 -0.07296536 0.63357263
v 0.27910988 0.00008007 0.60697931
v 0.27910988 0.00008007 0.60697931
v 0.27481012 -0.03901659 0.60698765
v 0.27481012 -0.03901659 0.60698765
v 0.27743267 -0.06093953 0.63025856
v 0.28814327 -0.06482575 0.63233357
v 0.29491936 -0.06716832 0.64319855
v 0.27180217 -0.05917358 0.63360339
v 0.27180217 -0.05917358 0.63360339
v 0.27728271 -0.03957763 0.63374865
v 0.27728271 -0.03957763 0.63374865
v 0.30102466 -0.04491679 0.64319843
v 0.28296481 -0.04084752 0.63030499
v 0.29403829 -0.04334707 0.63233470
v 0.28153060 0.00008007 0.63358223
v 0.28153060 0.00008007 0.63358223
v 0.30597287 0.00008007 0.64319729
v 0.29881416 0.00008007 0.63233351
v 0.28739440 0.00008007 0.63025724
v 0.25644772 -0.06776090 0.60708755
v 0.25644772 -0.06776090 0.60708755
v 0.25644772 -0.06776090 0.60708755
v 0.26101517 -0.05541114 0.60701179
v 0.26101517 -0.05541114 0.60701179
v 0.25953822 -0.06940363 0.64523524
v 0.25953822 -0.06940363 0.64523524
v 0.25953822 -0.06940363 0.64523524
v 0.27013540 0.00008007 0.60697943
v 0.27013540 0.00008007 0.60697943
v 0.26605122 -0.03704897 0.60698765
v 0.26605122 -0.03704897 0.60698765
v 0.26418452 -0.05654020 0.64524000
v 0.26418452 -0.05654020 0.64524000
v 0.26932823 -0.03779321 0.64524000
v 0.26932823 -0.03779321 0.64524000
v 0.27349518 0.00008007 0.64523905
v 0.27349518 0.00008007 0.64523905
v 0.28162722 0.00008007 0.64119088
v 0.27727388 -0.03951425 0.64119082
v 0.27188748 -0.05910741 0.64118999
v 0.26660846 -0.07291454 0.64125686
v 0.26660846 -0.07291454 0.64125686
v 0.26997696 -0.06293487 0.62117803
v 0.26997696 -0.06293487 0.62117803
v 0.27105200 -0.06520801 0.61671453
v 0.26880455 -0.06606773 0.61245530
v 0.26880455 -0.06606773 0.61245530
v 0.26784545 -0.06847816 0.61491519
v 0.26784545 -0.06847816 0.61491519
v 0.26779156 -0.06855901 0.61848896
v 0.26779156 -0.06855901 0.61848896
v 0.26867448 -0.06626290 0.62108308
v 0.26867448 -0.06626290 0.62108308
v 0.26867448 -0.06626290 0.62108308
v 0.26867448 -0.06626290 0.62108308
v 0.27093600 -0.06052443 0.61871808
v 0.27093600 -0.06052443 0.61871808
v 0.27098989 -0.06044359 0.61514437
v 0.27098989 -0.06044359 0.61514437
v 0.27010703 -0.06273969 0.61255019
v 0.27010703 -0.06273969 0.61255019
v 0.26803660 -0.06204989 0.62146991
v 0.26678246 -0.06540125 0.61213874
v 0.26575648 -0.06797981 0.61477023
v 0.26569885 -0.06806630 0.61859327
v 0.26664328 -0.06561004 0.62136834
v 0.26664328 -0.06561004 0.62136834
v 0.26906256 -0.05947132 0.61883843
v 0.26912021 -0.05938484 0.61501538
v 0.26817577 -0.06184109 0.61224031
v 0.28012162 -0.07965148 0.64590764
v 0.28012162 -0.07965148 0.64590764
v 0.28673612 -0.06449776 0.64527517
v 0.29258585 -0.04306101 0.64523845
v 0.29730903 0.00008007 0.64523315
v 0.27639538 -0.07778601 0.64105701
v 0.27639538 -0.07778601 0.64105701
v 0.27145421 -0.07532476 0.64035213
v 0.27145421 -0.07532476 0.64035213
v 0.28227675 -0.06317019 0.64026987
v 0.27680807 -0.06104077 0.63983905
v 0.28799760 -0.04219423 0.64025920
v 0.28234213 -0.04079390 0.63983738
v 0.28683710 0.00008007 0.63983810
v 0.29263334 0.00008007 0.64025360
v 0.28577578 -0.08244795 0.63756740
v 0.28577578 -0.08244795 0.63756740
v 0.29213154 -0.06618411 0.63738799
v 0.29814850 -0.04424808 0.63738805
v 0.30302148 0.00008007 0.63739109
v 0.27849226 -0.07883342 0.64270496
v 0.27849226 -0.07883342 0.64270496
v 0.28484404 -0.06400767 0.64188122
v 0.29063868 -0.04272935 0.64185202
v 0.29532533 0.00008007 0.64184427
v 0.27845501 -0.01994527 0.60698181
v 0.27845501 -0.01994527 0.60698181
v 0.28092181 -0.02023738 0.63369005
v 0.28092181 -0.02023738 0.63369005
v 0.30502903 -0.02300261 0.64319860
v 0.29794870 -0.02218872 0.63233554
v 0.28669368 -0.02105907 0.63028574
v 0.26829831 -0.01900601 0.60698181
v 0.26829831 -0.01900601 0.60698181
v 0.27162163 -0.01939032 0.64524000
v 0.27162163 -0.01939032 0.64524000
v 0.27967733 -0.02029372 0.64119112
v 0.29521130 -0.02233921 0.64525812
v 0.29056352 -0.02174657 0.64025926
v 0.28481644 -0.02095048 0.63983762
v 0.29324393 -0.02209339 0.64186221
v 0.30210942 -0.02282001 0.63738924
v 0.27707009 -0.07809856 0.63034254
v 0.27707009 -0.07809856 0.63034254
v 0.28274618 -0.06312088 0.62986695
v 0.28848718 -0.04219990 0.62986707
v 0.29314053 0.00008007 0.62986773
v 0.27440404 -0.07679325 0.64038133
v 0.27440404 -0.07679325 0.64038133
v 0.28000783 -0.06231562 0.63967424
v 0.28565347 -0.04163652 0.63967156
v 0.29023503 0.00008007 0.63966947
v 0.28817957 -0.02142037 0.63967037
v 0.29232955 -0.02158618 0.62986731
v 0.25919597 -0.06921797 0.63820242
v 0.25919597 -0.06921797 0.63820242
v 0.26383209 -0.05641463 0.63819825
v 0.26896375 -0.03771043 0.63819557
v 0.27312153 0.00008007 0.63819384
v 0.27125202 -0.01934758 0.63819491
v 0.26448862 0.07192376 0.60708230
v 0.26448862 0.07192376 0.60708230
v 0.26448862 0.07192376 0.60708230
v 0.28856349 0.08400812 0.64321708
v 0.28856349 0.08400812 0.64321708
v 0.27206735 0.07576864 0.63047009
v 0.27206735 0.07576864 0.63047009
v 0.28216147 0.08079775 0.63244473
v 0.28216147 0.08079775 0.63244473
v 0.26950817 0.05850844 0.60701179
v 0.26950817 0.05850844 0.60701179
v 0.26674413 0.07312550 0.63357263
v 0.26674413 0.07312550 0.63357263
v 0.26674413 0.07312550 0.63357263
v 0.27481012 0.03917673 0.60698765
v 0.27481012 0.03917673 0.60698765
v 0.27743267 0.06109967 0.63025856
v 0.28814327 0.06498589 0.63233357
v 0.29491936 0.06732846 0.64319855
v 0.27180217 0.05933372 0.63360339
v 0.27180217 0.05933372 0.63360339
v 0.27728271 0.03973778 0.63374865
v 0.27728271 0.03973778 0.63374865
v 0.30102466 0.04507693 0.64319843
v 0.28296481 0.04100766 0.63030499
v 0.29403829 0.04350721 0.63233470
v 0.25644772 0.06792104 0.60708755
v 0.25644772 0.06792104 0.60708755
v 0.25644772 0.06792104 0.60708755
v 0.26101517 0.05557128 0.60701179
v 0.26101517 0.05557128 0.60701179
v 0.25953822 0.06956378 0.64523524
v 0.25953822 0.06956378 0.64523524
v 0.25953822 0.06956378 0.64523524
v 0.26605122 0.03720911 0.60698765
v 0.26605122 0.03720911 0.60698765
v 0.26418452 0.05670034 0.64524000
v 0.26418452 0.05670034 0.64524000
v 0.26932823 0.03795335 0.64524000
v 0.26932823 0.03795335 0.64524000
v 0.27727388 0.03967439 0.64119082
v 0.27188748 0.05926755 0.64118999
v 0.26660846 0.07307468 0.64125686
v 0.26660846 0.07307468 0.64125686
v 0.26997696 0.06309501 0.62117803
v 0.26997696 0.06309501 0.62117803
v 0.26997696 0.06309501 0.62117803
v 0.26997696 0.06309501 0.62117803
v 0.27105200 0.06536815 0.61671453
v 0.26880455 0.06622787 0.61245530
v 0.26880455 0.06622787 0.61245530
v 0.26784545 0.06863830 0.61491519
v 0.26784545 0.06863830 0.61491519
v 0.26779156 0.06871915 0.61848896
v 0.26779156 0.06871915 0.61848896
v 0.26867448 0.06642304 0.62108308
v 0.26867448 0.06642304 0.62108308
v 0.27093600 0.06068458 0.61871808
v 0.27093600 0.06068458 0.61871808
v 0.27098989 0.06060373 0.61514437
v 0.27098989 0.06060373 0.61514437
v 0.27010703 0.06289983 0.61255019
v 0.27010703 0.06289983 0.61255019
v 0.26803660 0.06221003 0.62146991
v 0.26803660 0.06221003 0.62146991
v 0.26678246 0.06556139 0.61213874
v 0.26575648 0.06813995 0.61477023
v 0.26569885 0.06822644 0.61859327
v 0.26664328 0.06577019 0.62136834
v 0.26906256 0.05963146 0.61883843
v 0.26912021 0.05954498 0.61501538
v 0.26817577 0.06200124 0.61224031
v 0.28012162 0.07981162 0.64590764
v 0.28012162 0.07981162 0.64590764
v 0.28673612 0.06465790 0.64527517
v 0.29258585 0.04322115 0.64523845
v 0.27639538 0.07794616 0.64105701
v 0.27639538 0.07794616 0.64105701
v 0.27145421 0.07548490 0.64035213
v 0.27145421 0.07548490 0.64035213
v 0.28227675 0.06333033 0.64026987
v 0.27680807 0.06120091 0.63983905
v 0.28799760 0.04235437 0.64025920
v 0.28234213 0.04095405 0.63983738
v 0.28577578 0.08260809 0.63756740
v 0.28577578 0.08260809 0.63756740
v 0.29213154 0.06634425 0.63738799
v 0.29814850 0.04440822 0.63738805
v 0.27849226 0.07899357 0.64270496
v 0.27849226 0.07899357 0.64270496
v 0.28484404 0.06416781 0.64188122
v 0.29063868 0.04288949 0.64185202
v 0.27847176 0.02001760 0.60698181
v 0.27847176 0.02001760 0.60698181
v 0.28093856 0.02030848 0.63368976
v 0.28093856 0.02030848 0.63368976
v 0.30504744 0.02306185 0.64319860
v 0.29796671 0.02225144 0.63233554
v 0.28671085 0.02112810 0.63028562
v 0.26830868 0.01908308 0.60698181
v 0.26830868 0.01908308 0.60698181
v 0.27163224 0.01946573 0.64524000
v 0.27163224 0.01946573 0.64524000
v 0.27968840 0.02036536 0.64119112
v 0.29522341 0.02240394 0.64525824
v 0.29057532 0.02181256 0.64025926
v 0.28482782 0.02101926 0.63983762
v 0.29325591 0.02215852 0.64186227
v 0.30212765 0.02288149 0.63738924
v 0.27707009 0.07825870 0.63034254
v 0.27707009 0.07825870 0.63034254
v 0.28274618 0.06328102 0.62986695
v 0.28848718 0.04236004 0.62986707
v 0.27440404 0.07695339 0.64038133
v 0.27440404 0.07695339 0.64038133
v 0.28000783 0.06247577 0.63967424
v 0.28565347 0.04179666 0.63967156
v 0.28819124 0.02148743 0.63967037
v 0.29234725 0.02165141 0.62986731
v 0.25919597 0.06937811 0.63820242
v 0.25919597 0.06937811 0.63820242
v 0.26383209 0.05657477 0.63819825
v 0.26896375 0.03787057 0.63819557
v 0.27126258 0.01942317 0.63819491
v -0.26396595 -0.07199857 0.71742707
v -0.26396595 -0.07199857 0.71742707
v -0.26396595 -0.07199857 0.71742707
v -0.28814717 -0.08386931 0.65544617
v -0.28814717 -0.08386931 0.65544617
v -0.27162893 -0.07567431 0.66819214
v -0.27162893 -0.07567431 0.66819214
v -0.28172639 -0.08069653 0.66621941
v -0.28172639 -0.08069653 0.66621941
v -0.26910243 -0.05834830 0.71749466
v -0.26910243 -0.05834830 0.71749466
v -0.26631105 -0.07302035 0.66508919
v -0.26631105 -0.07302035 0.66508919
v -0.26631105 -0.07302035 0.66508919
v -0.27870414 0.00008007 0.71752715
v -0.27870414 0.00008007 0.71752715
v -0.27440442 -0.03901659 0.71751880
v -0.27440442 -0.03901659 0.71751880
v -0.27702697 -0.06093953 0.66840386
v -0.28773759 -0.06482575 0.66632884
v -0.29451365 -0.06716832 0.65546387
v -0.27139647 -0.05917358 0.66505903
v -0.27139647 -0.05917358 0.66505903
v -0.27687699 -0.03957763 0.66491377
v -0.27687699 -0.03957763 0.66491377
v -0.30061899 -0.04491679 0.65546399
v -0.28255911 -0.04084752 0.66835743
v -0.29363255 -0.04334707 0.66632771
v -0.28112487 0.00008007 0.66508019
v -0.28112487 0.00008007 0.66508019
v -0.30556715 0.00008007 0.65546512
v -0.29840849 0.00008007 0.66632890
v -0.28698868 0.00008007 0.66840517
v -0.25592507 -0.06799584 0.71742141
v -0.25592507 -0.06799584 0.71742141
v -0.25592507 -0.06799584 0.71742141
v -0.26060945 -0.05541114 0.71749466
v -0.26060945 -0.05541114 0.71749466
v -0.25912536 -0.06941792 0.65342545
v -0.25912536 -0.06941792 0.65342545
v -0.25912536 -0.06941792 0.65342545
v -0.26972968 0.00008007 0.71752703
v -0.26972968 0.00008007 0.71752703
v -0.26564555 -0.03704897 0.71751880
v -0.26564555 -0.03704897 0.71751880
v -0.26377885 -0.05654020 0.65342241
v -0.26377885 -0.05654020 0.65342241
v -0.29843033 0.00008007 0.64933121
v -0.26892248 -0.03779321 0.65342241
v -0.26892248 -0.03779321 0.65342241
v -0.29367805 -0.04336056 0.64933121
v -0.27308948 0.00008007 0.65342336
v -0.27308948 0.00008007 0.65342336
v -0.28778581 -0.06494680 0.64933121
v -0.28049729 -0.08004791 0.64933067
v -0.28049729 -0.08004791 0.64933067
v -0.28122152 0.00008007 0.65747153
v -0.27686817 -0.03951425 0.65747159
v -0.27148176 -0.05910741 0.65747243
v -0.26618873 -0.07294271 0.65740436
v -0.26618873 -0.07294271 0.65740436
v -0.26956222 -0.06295899 0.70226961
v -0.27064628 -0.06520801 0.70666593
v -0.26840787 -0.06604361 0.71085804
v -0.26840787 -0.06604361 0.71085804
v -0.26746355 -0.06841692 0.70843601
v -0.26741050 -0.06849653 0.70491725
v -0.26827981 -0.06623577 0.70236307
v -0.27050654 -0.06058567 0.70469164
v -0.27055958 -0.06050607 0.70821034
v -0.26969029 -0.06276682 0.71076458
v -0.26763088 -0.06204989 0.70191055
v -0.26637674 -0.06540125 0.71124172
v -0.26637674 -0.06540125 0.71124172
v -0.26535076 -0.06797981 0.70861023
v -0.26529311 -0.06806630 0.70478719
v -0.26623759 -0.06561004 0.70201212
v -0.26865689 -0.05947132 0.70454204
v -0.26871453 -0.05938484 0.70836508
v -0.26777007 -0.06184109 0.71114015
v -0.27970995 -0.07966343 0.65275389
v -0.27970995 -0.07966343 0.65275389
v -0.28633038 -0.06449776 0.65338724
v -0.29218016 -0.04306101 0.65342396
v -0.29690332 0.00008007 0.65342927
v -0.27597530 -0.07781489 0.65760469
v -0.27597530 -0.07781489 0.65760469
v -0.27103288 -0.07535609 0.65830940
v -0.27103288 -0.07535609 0.65830940
v -0.30651300 0.00008007 0.64933121
v -0.30155040 -0.04509679 0.64933121
v -0.29541849 -0.06745365 0.64933121
v -0.28877590 -0.08416899 0.64933085
v -0.28877590 -0.08416899 0.64933085
v -0.28187101 -0.06317019 0.65839254
v -0.27640237 -0.06104077 0.65882337
v -0.28759188 -0.04219423 0.65840321
v -0.28193641 -0.04079390 0.65882504
v -0.28643135 0.00008007 0.65882432
v -0.29222763 0.00008007 0.65840882
v -0.28534958 -0.08248899 0.66109502
v -0.28534958 -0.08248899 0.66109502
v -0.29172582 -0.06618411 0.66127443
v -0.29774280 -0.04424808 0.66127437
v -0.30261580 0.00008007 0.66127133
v -0.27807501 -0.07885654 0.65595674
v -0.27807501 -0.07885654 0.65595674
v -0.28443836 -0.06400767 0.65678119
v -0.29023294 -0.04272935 0.65681040
v -0.29491961 0.00008007 0.65681815
v -0.30556110 -0.02325993 0.64933121
v -0.27804929 -0.01994527 0.71752464
v -0.27804929 -0.01994527 0.71752464
v -0.28051609 -0.02023738 0.66497236
v -0.28051609 -0.02023738 0.66497236
v -0.30462332 -0.02300261 0.65546381
v -0.29754296 -0.02218872 0.66632688
v -0.28628798 -0.02105907 0.66837668
v -0.26789261 -0.01900601 0.71752464
v -0.26789261 -0.01900601 0.71752464
v -0.27121596 -0.01939032 0.65342241
v -0.27121596 -0.01939032 0.65342241
v -0.27927161 -0.02029372 0.65747129
v -0.29480562 -0.02233921 0.65340429
v -0.29630813 -0.02251924 0.64933121
v -0.29015780 -0.02174657 0.65840315
v -0.28441076 -0.02095048 0.65882480
v -0.29283819 -0.02209339 0.65680021
v -0.30170374 -0.02282001 0.66127318
v -0.27663140 -0.07816482 0.66832178
v -0.27663140 -0.07816482 0.66832178
v -0.28234050 -0.06312088 0.66879546
v -0.28808144 -0.04219990 0.66879534
v -0.29273481 0.00008007 0.66879469
v -0.27398278 -0.07682447 0.65828031
v -0.27398278 -0.07682447 0.65828031
v -0.27960211 -0.06231562 0.65898817
v -0.28524773 -0.04163652 0.65899086
v -0.28982933 0.00008007 0.65899294
v -0.28777389 -0.02142037 0.65899205
v -0.29192383 -0.02158618 0.66879510
v -0.25877092 -0.06925680 0.66045868
v -0.25877092 -0.06925680 0.66045868
v -0.26342635 -0.05641463 0.66046416
v -0.26855803 -0.03771043 0.66046685
v -0.27271581 0.00008007 0.66046857
v -0.27084634 -0.01934758 0.66046750
v -0.26396595 0.07215872 0.71742707
v -0.26396595 0.07215872 0.71742707
v -0.26396595 0.07215872 0.71742707
v -0.28814717 0.08402945 0.65544617
v -0.28814717 0.08402945 0.65544617
v -0.27162893 0.07583445 0.66819214
v -0.27162893 0.07583445 0.66819214
v -0.28172639 0.08085667 0.66621941
v -0.28172639 0.08085667 0.66621941
v -0.26910243 0.05850844 0.71749466
v -0.26910243 0.05850844 0.71749466
v -0.26631105 0.07318049 0.66508919
v -0.26631105 0.07318049 0.66508919
v -0.26631105 0.07318049 0.66508919
v -0.27440442 0.03917673 0.71751880
v -0.27440442 0.03917673 0.71751880
v -0.27702697 0.06109967 0.66840386
v -0.28773759 0.06498589 0.66632884
v -0.29451365 0.06732846 0.65546387
v -0.27139647 0.05933372 0.66505903
v -0.27139647 0.05933372 0.66505903
v -0.27687699 0.03973778 0.66491377
v -0.27687699 0.03973778 0.66491377
v -0.30061899 0.04507693 0.65546399
v -0.28255911 0.04100766 0.66835743
v -0.29363255 0.04350721 0.66632771
v -0.25592507 0.06815598 0.71742141
v -0.25592507 0.06815598 0.71742141
v -0.25592507 0.06815598 0.71742141
v -0.26060945 0.05557128 0.71749466
v -0.26060945 0.05557128 0.71749466
v -0.25912536 0.06957807 0.65342545
v -0.25912536 0.06957807 0.65342545
v -0.25912536 0.06957807 0.65342545
v -0.26564555 0.03720911 0.71751880
v -0.26564555 0.03720911 0.71751880
v -0.26377885 0.05670034 0.65342241
v -0.26377885 0.05670034 0.65342241
v -0.26892248 0.03795335 0.65342241
v -0.26892248 0.03795335 0.65342241
v -0.29367805 0.04352070 0.64933121
v -0.28778581 0.06510694 0.64933121
v -0.28049729 0.08020805 0.64933067
v -0.28049729 0.08020805 0.64933067
v -0.27686817 0.03967439 0.65747159
v -0.27148176 0.05926755 0.65747243
v -0.26618873 0.07310285 0.65740436
v -0.26618873 0.07310285 0.65740436
v -0.26956222 0.06311913 0.70226961
v -0.27064628 0.06536815 0.70666593
v -0.26840787 0.06620375 0.71085804
v -0.26746355 0.06857707 0.70843601
v -0.26741050 0.06865667 0.70491725
v -0.26827981 0.06639592 0.70236307
v -0.27050654 0.06074582 0.70469164
v -0.27055958 0.06066621 0.70821034
v -0.26969029 0.06292696 0.71076458
v -0.26969029 0.06292696 0.71076458
v -0.26763088 0.06221003 0.70191055
v -0.26637674 0.06556139 0.71124172
v -0.26535076 0.06813995 0.70861023
v -0.26529311 0.06822644 0.70478719
v -0.26623759 0.06577019 0.70201212
v -0.26865689 0.05963146 0.70454204
v -0.26871453 0.05954498 0.70836508
v -0.26777007 0.06200124 0.71114015
v -0.26777007 0.06200124 0.71114015
v -0.27970995 0.07982357 0.65275389
v -0.27970995 0.07982357 0.65275389
v -0.28633038 0.06465790 0.65338724
v -0.29218016 0.04322115 0.65342396
v -0.27597530 0.07797503 0.65760469
v -0.27597530 0.07797503 0.65760469
v -0.27103288 0.07551623 0.65830940
v -0.27103288 0.07551623 0.65830940
v -0.30155040 0.04525693 0.64933121
v -0.29541849 0.06761379 0.64933121
v -0.28877590 0.08432913 0.64933085
v -0.28877590 0.08432913 0.64933085
v -0.28187101 0.06333033 0.65839254
v -0.27640237 0.06120091 0.65882337
v -0.28759188 0.04235437 0.65840321
v -0.28193641 0.04095405 0.65882504
v -0.28534958 0.08264913 0.66109502
v -0.28534958 0.08264913 0.66109502
v -0.29172582 0.06634425 0.66127443
v -0.29774280 0.04440822 0.66127437
v -0.27807501 0.07901668 0.65595674
v -0.27807501 0.07901668 0.65595674
v -0.28443836 0.06416781 0.65678119
v -0.29023294 0.04288949 0.65681040
v -0.30557956 0.02331953 0.64933121
v -0.27806608 0.02001760 0.71752464
v -0.27806608 0.02001760 0.71752464
v -0.28053288 0.02030848 0.66497266
v -0.28053288 0.02030848 0.66497266
v -0.30464177 0.02306185 0.65546381
v -0.29756099 0.02225144 0.66632688
v -0.28630513 0.02112810 0.66837674
v -0.26790295 0.01908308 0.71752464
v -0.26790295 0.01908308 0.71752464
v -0.27122651 0.01946573 0.65342241
v -0.27122651 0.01946573 0.65342241
v -0.27928266 0.02036536 0.65747129
v -0.29481773 0.02240394 0.65340417
v -0.29632023 0.02258343 0.64933121
v -0.29016960 0.02181256 0.65840315
v -0.28442214 0.02101926 0.65882480
v -0.29285021 0.02215852 0.65680015
v -0.30172197 0.02288149 0.66127318
v -0.27663140 0.07832496 0.66832178
v -0.27663140 0.07832496 0.66832178
v -0.28234050 0.06328102 0.66879546
v -0.28808144 0.04236004 0.66879534
v -0.27398278 0.07698461 0.65828031
v -0.27398278 0.07698461 0.65828031
v -0.27960211 0.06247577 0.65898817
v -0.28524773 0.04179666 0.65899086
v -0.28778550 0.02148743 0.65899205
v -0.29194153 0.02165141 0.66879510
v -0.25877092 0.06941694 0.66045868
v -0.25877092 0.06941694 0.66045868
v -0.26342635 0.05657477 0.66046416
v -0.26855803 0.03787057 0.66046685
v -0.27085687 0.01942317 0.66046750
v -0.26408288 -0.07176362 0.60708689
v -0.26408288 -0.07176362 0.60708689
v -0.26408288 -0.07176362 0.60708689
v -0.28815778 -0.08384798 0.64321708
v -0.28815778 -0.08384798 0.64321708
v -0.27166167 -0.07560850 0.63047009
v -0.27166167 -0.07560850 0.63047009
v -0.28175573 -0.08063760 0.63244473
v -0.28175573 -0.08063760 0.63244473
v -0.26910243 -0.05834830 0.60701638
v -0.26910243 -0.05834830 0.60701638
v -0.26633845 -0.07296536 0.63357263
v -0.26633845 -0.07296536 0.63357263
v -0.26633845 -0.07296536 0.63357263
v -0.27870414 0.00008007 0.60698390
v -0.27870414 0.00008007 0.60698390
v -0.27440442 -0.03901659 0.60699224
v -0.27440442 -0.03901659 0.60699224
v -0.27702697 -0.06093953 0.63025856
v -0.28773759 -0.06482575 0.63233357
v -0.29451365 -0.06716832 0.64319855
v -0.27139647 -0.05917358 0.63360339
v -0.27139647 -0.05917358 0.63360339
v -0.27687699 -0.03957763 0.63374865
v -0.27687699 -0.03957763 0.63374865
v -0.30061899 -0.04491679 0.64319843
v -0.28255911 -0.04084752 0.63030499
v -0.29363255 -0.04334707 0.63233470
v -0.28112487 0.00008007 0.63358223
v -0.28112487 0.00008007 0.63358223
v -0.30556715 0.00008007 0.64319729
v -0.29840849 0.00008007 0.63233351
v -0.28698868 0.00008007 0.63025724
v -0.25604204 -0.06776090 0.60709214
v -0.25604204 -0.06776090 0.60709214
v -0.25604204 -0.06776090 0.60709214
v -0.26060945 -0.05541114 0.60701638
v -0.26060945 -0.05541114 0.60701638
v -0.25913248 -0.06940363 0.64523524
v -0.25913248 -0.06940363 0.64523524
v -0.25913248 -0.06940363 0.64523524
v -0.26972968 0.00008007 0.60698401
v -0.26972968 0.00008007 0.60698401
v -0.26564555 -0.03704897 0.60699224
v -0.26564555 -0.03704897 0.60699224
v -0.26377885 -0.05654020 0.64524000
v -0.26377885 -0.05654020 0.64524000
v -0.26892248 -0.03779321 0.64524000
v -0.26892248 -0.03779321 0.64524000
v -0.27308948 0.00008007 0.64523905
v -0.27308948 0.00008007 0.64523905
v -0.28122152 0.00008007 0.64119088
v -0.27686817 -0.03951425 0.64119082
v -0.27148176 -0.05910741 0.64118999
v -0.26620276 -0.07291454 0.64125686
v -0.26620276 -0.07291454 0.64125686
v -0.26956222 -0.06295899 0.62111544
v -0.27064628 -0.06520801 0.61671912
v -0.26840787 -0.06604361 0.61252701
v -0.26746355 -0.06841692 0.61494904
v -0.26741050 -0.06849653 0.61846780
v -0.26827981 -0.06623577 0.62102198
v -0.26827981 -0.06623577 0.62102198
v -0.27050654 -0.06058567 0.61869341
v -0.27055958 -0.06050607 0.61517471
v -0.26969029 -0.06276682 0.61262047
v -0.26763088 -0.06204989 0.62147450
v -0.26637674 -0.06540125 0.61214333
v -0.26535076 -0.06797981 0.61477482
v -0.26529311 -0.06806630 0.61859786
v -0.26623759 -0.06561004 0.62137293
v -0.26623759 -0.06561004 0.62137293
v -0.26865689 -0.05947132 0.61884301
v -0.26871453 -0.05938484 0.61501997
v -0.26777007 -0.06184109 0.61224490
v -0.27971588 -0.07965148 0.64590764
v -0.27971588 -0.07965148 0.64590764
v -0.28633038 -0.06449776 0.64527517
v -0.29218016 -0.04306101 0.64523845
v -0.29690332 0.00008007 0.64523315
v -0.27598966 -0.07778601 0.64105701
v -0.27598966 -0.07778601 0.64105701
v -0.27104847 -0.07532476 0.64035213
v -0.27104847 -0.07532476 0.64035213
v -0.28187101 -0.06317019 0.64026987
v -0.27640237 -0.06104077 0.63983905
v -0.28759188 -0.04219423 0.64025920
v -0.28193641 -0.04079390 0.63983738
v -0.28643135 0.00008007 0.63983810
v -0.29222763 0.00008007 0.64025360
v -0.28537004 -0.08244795 0.63756740
v -0.28537004 -0.08244795 0.63756740
v -0.29172582 -0.06618411 0.63738799
v -0.29774280 -0.04424808 0.63738805
v -0.30261580 0.00008007 0.63739109
v -0.27808652 -0.07883342 0.64270496
v -0.27808652 -0.07883342 0.64270496
v -0.28443836 -0.06400767 0.64188122
v -0.29023294 -0.04272935 0.64185202
v -0.29491961 0.00008007 0.64184427
v -0.27804929 -0.01994527 0.60698640
v -0.27804929 -0.01994527 0.60698640
v -0.28051609 -0.02023738 0.63369005
v -0.28051609 -0.02023738 0.63369005
v -0.30462332 -0.02300261 0.64319860
v -0.29754296 -0.02218872 0.63233554
v -0.28628798 -0.02105907 0.63028574
v -0.26789261 -0.01900601 0.60698640
v -0.26789261 -0.01900601 0.60698640
v -0.27121596 -0.01939032 0.64524000
v -0.27121596 -0.01939032 0.64524000
v -0.27927161 -0.02029372 0.64119112
v -0.29480562 -0.02233921 0.64525812
v -0.29015780 -0.02174657 0.64025926
v -0.28441076 -0.02095048 0.63983762
v -0.29283819 -0.02209339 0.64186221
v -0.30170374 -0.02282001 0.63738924
v -0.27666435 -0.07809856 0.63034254
v -0.27666435 -0.07809856 0.63034254
v -0.28234050 -0.06312088 0.62986695
v -0.28808144 -0.04219990 0.62986707
v -0.29273481 0.00008007 0.62986773
v -0.27399830 -0.07679325 0.64038133
v -0.27399830 -0.07679325 0.64038133
v -0.27960211 -0.06231562 0.63967424
v -0.28524773 -0.04163652 0.63967156
v -0.28982933 0.00008007 0.63966947
v -0.28777389 -0.02142037 0.63967037
v -0.29192383 -0.02158618 0.62986731
v -0.25879027 -0.06921797 0.63820242
v -0.25879027 -0.06921797 0.63820242
v -0.26342635 -0.05641463 0.63819825
v -0.26855803 -0.03771043 0.63819557
v -0.27271581 0.00008007 0.63819384
v -0.27084634 -0.01934758 0.63819491
v -0.26408288 0.07192376 0.60708689
v -0.26408288 0.07192376 0.60708689
v -0.26408288 0.07192376 0.60708689
v -0.28815778 0.08400812 0.64321708
v -0.28815778 0.08400812 0.64321708
v -0.27166167 0.07576864 0.63047009
v -0.27166167 0.07576864 0.63047009
v -0.28175573 0.08079775 0.63244473
v -0.28175573 0.08079775 0.63244473
v -0.26910243 0.05850844 0.60701638
v -0.26910243 0.05850844 0.60701638
v -0.26633845 0.07312550 0.63357263
v -0.26633845 0.07312550 0.63357263
v -0.26633845 0.07312550 0.63357263
v -0.27440442 0.03917673 0.60699224
v -0.27440442 0.03917673 0.60699224
v -0.27702697 0.06109967 0.63025856
v -0.28773759 0.06498589 0.63233357
v -0.29451365 0.06732846 0.64319855
v -0.27139647 0.05933372 0.63360339
v -0.27139647 0.05933372 0.63360339
v -0.27687699 0.03973778 0.63374865
v -0.27687699 0.03973778 0.63374865
v -0.30061899 0.04507693 0.64319843
v -0.28255911 0.04100766 0.63030499
v -0.29363255 0.04350721 0.63233470
v -0.25604204 0.06792104 0.60709214
v -0.25604204 0.06792104 0.60709214
v -0.25604204 0.06792104 0.60709214
v -0.26060945 0.05557128 0.60701638
v -0.26060945 0.05557128 0.60701638
v -0.25913248 0.06956378 0.64523524
v -0.25913248 0.06956378 0.64523524
v -0.25913248 0.06956378 0.64523524
v -0.26564555 0.03720911 0.60699224
v -0.26564555 0.03720911 0.60699224
v -0.26377885 0.05670034 0.64524000
v -0.26377885 0.05670034 0.64524000
v -0.26892248 0.03795335 0.64524000
v -0.26892248 0.03795335 0.64524000
v -0.27686817 0.03967439 0.64119082
v -0.27148176 0.05926755 0.64118999
v -0.26620276 0.07307468 0.64125686
v -0.26620276 0.07307468 0.64125686
v -0.26956222 0.06311913 0.62111544
v -0.26956222 0.06311913 0.62111544
v -0.27064628 0.06536815 0.61671912
v -0.26840787 0.06620375 0.61252701
v -0.26746355 0.06857707 0.61494904
v -0.26741050 0.06865667 0.61846780
v -0.26827981 0.06639592 0.62102198
v -0.27050654 0.06074582 0.61869341
v -0.27055958 0.06066621 0.61517471
v -0.26969029 0.06292696 0.61262047
v -0.26763088 0.06221003 0.62147450
v -0.26763088 0.06221003 0.62147450
v -0.26637674 0.06556139 0.61214333
v -0.26535076 0.06813995 0.61477482
v -0.26529311 0.06822644 0.61859786
v -0.26623759 0.06577019 0.62137293
v -0.26865689 0.05963146 0.61884301
v -0.26871453 0.05954498 0.61501997
v -0.26777007 0.06200124 0.61224490
v -0.27971588 0.07981162 0.64590764
v -0.27971588 0.07981162 0.64590764
v -0.28633038 0.06465790 0.64527517
v -0.29218016 0.04322115 0.64523845
v -0.27598966 0.07794616 0.64105701
v -0.27598966 0.07794616 0.64105701
v -0.27104847 0.07548490 0.64035213
v -0.27104847 0.07548490 0.64035213
v -0.28187101 0.06333033 0.64026987
v -0.27640237 0.06120091 0.63983905
v -0.28759188 0.04235437 0.64025920
v -0.28193641 0.04095405 0.63983738
v -0.28537004 0.08260809 0.63756740
v -0.28537004 0.08260809 0.63756740
v -0.29172582 0.06634425 0.63738799
v -0.29774280 0.04440822 0.63738805
v -0.27808652 0.07899357 0.64270496
v -0.27808652 0.07899357 0.64270496
v -0.28443836 0.06416781 0.64188122
v -0.29023294 0.04288949 0.64185202
v -0.27806608 0.02001760 0.60698640
v -0.27806608 0.02001760 0.60698640
v -0.28053288 0.02030848 0.63368976
v -0.28053288 0.02030848 0.63368976
v -0.30464177 0.02306185 0.64319860
v -0.29756099 0.02225144 0.63233554
v -0.28630513 0.02112810 0.63028562
v -0.26790295 0.01908308 0.60698640
v -0.26790295 0.01908308 0.60698640
v -0.27122651 0.01946573 0.64524000
v -0.27122651 0.01946573 0.64524000
v -0.27928266 0.02036536 0.64119112
v -0.29481773 0.02240394 0.64525824
v -0.29016960 0.02181256 0.64025926
v -0.28442214 0.02101926 0.63983762
v -0.29285021 0.02215852 0.64186227
v -0.30172197 0.02288149 0.63738924
v -0.27666435 0.07825870 0.63034254
v -0.27666435 0.07825870 0.63034254
v -0.28234050 0.06328102 0.62986695
v -0.28808144 0.04236004 0.62986707
v -0.27399830 0.07695339 0.64038133
v -0.27399830 0.07695339 0.64038133
v -0.27960211 0.06247577 0.63967424
v -0.28524773 0.04179666 0.63967156
v -0.28778550 0.02148743 0.63967037
v -0.29194153 0.02165141 0.62986731
v -0.25879027 0.06937811 0.63820242
v -0.25879027 0.06937811 0.63820242
v -0.26342635 0.05657477 0.63819825
v -0.26855803 0.03787057 0.63819557
v -0.27085687 0.01942317 0.63819491
v -0.26603371 0.09012282 0.65586566
v -0.26516728 0.08142871 0.65851335
v -0.26516728 0.08142871 0.65851335
v -0.27402372 0.08142871 0.66139261
v -0.27487993 0.09012282 0.65874157
v -0.26808097 0.08651926 0.64956940
v -0.26808097 0.08651926 0.64956940
v -0.26627879 0.07956906 0.65509511
v -0.26627879 0.07956906 0.65509511
v -0.26627879 0.07956906 0.65509511
v -0.26627879 0.07956906 0.65509511
v -0.27513486 0.07956906 0.65797420
v -0.27513486 0.07956906 0.65797420
v -0.27692658 0.08651926 0.65244508
v -0.27692658 0.08651926 0.65244508
v -0.26961082 0.08020224 0.64486145
v -0.26711790 0.07589706 0.65251554
v -0.26711790 0.07589706 0.65251554
v -0.27597304 0.07589706 0.65539438
v -0.27845769 0.08020224 0.64773753
v -0.27041171 0.07232419 0.64239481
v -0.26761249 0.07050534 0.65099467
v -0.26761249 0.07050534 0.65099467
v -0.27646730 0.07050532 0.65387337
v -0.27926038 0.07232418 0.64527152
v -0.25471323 0.09121653 0.69329674
v -0.25471323 0.08191319 0.69329674
v -0.25471323 0.08191319 0.69329674
v -0.26387774 0.08190904 0.69388954
v -0.26387774 0.09122068 0.69388954
v -0.25533670 0.09121579 0.70034042
v -0.25533669 0.08191393 0.70034047
v -0.25533669 0.08191393 0.70034047
v -0.26408177 0.08190882 0.69785974
v -0.26408177 0.09122090 0.69785974
v -0.25859351 0.09121579 0.70673489
v -0.25859351 0.08191393 0.70673489
v -0.25859351 0.08191393 0.70673489
v -0.26574253 0.08190882 0.70112038
v -0.26574253 0.09122090 0.70112038
v -0.26398424 0.09121637 0.71140285
v -0.26398199 0.08191401 0.71140244
v -0.26398199 0.08191401 0.71140244
v -0.26887764 0.08190722 0.70363514
v -0.26887996 0.09122282 0.70363659
v -0.32171971 0.07232421 0.73102028
v -0.31311786 0.07050535 0.72822720
v -0.31311786 0.07050535 0.72822720
v -0.31599654 0.07050535 0.71937240
v -0.32459646 0.07232421 0.72217159
v -0.31925366 0.08020226 0.73021758
v -0.31159686 0.07589708 0.72773291
v -0.31159686 0.07589708 0.72773291
v -0.31447563 0.07589707 0.71887777
v -0.32212975 0.08020225 0.72137075
v -0.31454614 0.08651929 0.72868642
v -0.30901704 0.07956908 0.72689470
v -0.30901704 0.07956908 0.72689470
v -0.31189612 0.07956907 0.71803868
v -0.31742181 0.08651929 0.71984080
v -0.30818716 0.09012648 0.72661871
v -0.30555349 0.08142950 0.72577128
v -0.30555349 0.08142950 0.72577128
v -0.30843599 0.08142888 0.71691149
v -0.31106402 0.09012672 0.71777496
v -0.27063782 0.00021614 0.64169254
v -0.26775984 0.00021615 0.65054519
v -0.26775984 0.00021615 0.65054519
v -0.27661247 0.00021615 0.65342321
v -0.27949053 0.00021615 0.64457052
v -0.32242068 0.00021616 0.73125041
v -0.31356798 0.00021616 0.72837237
v -0.31356798 0.00021616 0.72837237
v -0.31644598 0.00021616 0.71951972
v -0.32529871 0.00021616 0.72239767
v -0.26393429 0.08577833 0.65664983
v -0.26943436 0.07979089 0.66044866
v -0.27611685 0.08577832 0.66061040
v -0.27061899 0.09175426 0.65680475
v -0.26551457 0.08304516 0.65178893
v -0.26551457 0.08304516 0.65178893
v -0.27036830 0.07826133 0.65757596
v -0.27036830 0.07826133 0.65757596
v -0.27769714 0.08304518 0.65574947
v -0.27769714 0.08304518 0.65574947
v -0.27284086 0.08782380 0.64997036
v -0.27284086 0.08782380 0.64997036
v -0.26669918 0.07804918 0.64814495
v -0.27107682 0.07508839 0.65539644
v -0.27888179 0.07804918 0.65210554
v -0.27450131 0.08101124 0.64486277
v -0.26734711 0.07141366 0.64615196
v -0.27151360 0.07016464 0.65405283
v -0.27952973 0.07141366 0.65011255
v -0.27536125 0.07266671 0.64221766
v -0.25299226 0.08656485 0.69318693
v -0.25929415 0.08015973 0.69359077
v -0.26560238 0.08656485 0.69400386
v -0.25929415 0.09296998 0.69359077
v -0.25369544 0.08656485 0.70080644
v -0.25970728 0.08015975 0.69909990
v -0.26572823 0.08656485 0.69739366
v -0.25970728 0.09296997 0.69909990
v -0.25725144 0.08656485 0.70778828
v -0.26216702 0.08015975 0.70392930
v -0.26708771 0.08656485 0.70006279
v -0.26216702 0.09296997 0.70392930
v -0.26306268 0.08656546 0.71286021
v -0.26643025 0.08015979 0.70752169
v -0.26979840 0.08656514 0.70217040
v -0.26643339 0.09296992 0.70752309
v -0.31687868 0.07141368 0.73128960
v -0.31293836 0.07016464 0.72327352
v -0.32083918 0.07141370 0.71910699
v -0.32477355 0.07266675 0.72712109
v -0.31488569 0.07804920 0.73064168
v -0.31159478 0.07508840 0.72283673
v -0.31884625 0.07804920 0.71845905
v -0.32212842 0.08101126 0.72626118
v -0.31124169 0.08304520 0.72945704
v -0.30941527 0.07826135 0.72212815
v -0.31520225 0.08304518 0.71727440
v -0.31702091 0.08782382 0.72460076
v -0.30632704 0.08578168 0.72785915
v -0.30650238 0.07978854 0.72118140
v -0.31028998 0.08578128 0.71567756
v -0.31012080 0.09175803 0.72235809
v -0.26753383 0.00021615 0.64557758
v -0.27164489 0.00021615 0.65364924
v -0.27971651 0.00021615 0.64953819
v -0.27560546 0.00021615 0.64146655
v -0.31745305 0.00021616 0.73147640
v -0.31334200 0.00021616 0.72340476
v -0.32141361 0.00021616 0.71929374
v -0.32552472 0.00021616 0.72736538
v -0.26603369 -0.08969051 0.65586569
v -0.26516733 -0.08099639 0.65851339
v -0.26516733 -0.08099639 0.65851339
v -0.27402371 -0.08099639 0.66139264
v -0.27487998 -0.08969050 0.65874161
v -0.26808102 -0.08608694 0.64956945
v -0.26627879 -0.07913674 0.65509511
v -0.26627879 -0.07913674 0.65509511
v -0.27513484 -0.07913675 0.65797423
v -0.27692657 -0.08608694 0.65244511
v -0.26961088 -0.07976992 0.64486147
v -0.26711789 -0.07546474 0.65251556
v -0.26711789 -0.07546474 0.65251556
v -0.27597304 -0.07546474 0.65539441
v -0.27845767 -0.07976992 0.64773755
v -0.27041171 -0.07189187 0.64239481
v -0.26761253 -0.07007302 0.65099472
v -0.26761253 -0.07007302 0.65099472
v -0.27646735 -0.07007301 0.65387341
v -0.27926043 -0.07189187 0.64527156
v -0.25471329 -0.09078420 0.69329678
v -0.25471329 -0.08148087 0.69329678
v -0.25471329 -0.08148087 0.69329678
v -0.26387774 -0.08147671 0.69388957
v -0.26387774 -0.09078835 0.69388957
v -0.25533669 -0.09078346 0.70034045
v -0.25533668 -0.08148161 0.70034050
v -0.25533668 -0.08148161 0.70034050
v -0.26408182 -0.08147649 0.69785976
v -0.26408182 -0.09078857 0.69785976
v -0.25859351 -0.09078346 0.70673492
v -0.25859351 -0.08148161 0.70673492
v -0.25859351 -0.08148161 0.70673492
v -0.26574259 -0.08147649 0.70112040
v -0.26574259 -0.09078857 0.70112040
v -0.26398428 -0.09078404 0.71140289
v -0.26398205 -0.08148168 0.71140245
v -0.26398205 -0.08148168 0.71140245
v -0.26887764 -0.08147489 0.70363517
v -0.26887996 -0.09079049 0.70363663
v -0.32171971 -0.07189185 0.73102028
v -0.31311786 -0.07007299 0.72822722
v -0.31311786 -0.07007299 0.72822722
v -0.31599654 -0.07007301 0.71937243
v -0.32459645 -0.07189186 0.72217162
v -0.31925366 -0.07976990 0.73021758
v -0.31159691 -0.07546473 0.72773296
v -0.31159691 -0.07546473 0.72773296
v -0.31447563 -0.07546473 0.71887780
v -0.32212979 -0.07976991 0.72137076
v -0.31454613 -0.08608692 0.72868645
v -0.30901703 -0.07913672 0.72689473
v -0.30901703 -0.07913672 0.72689473
v -0.31189612 -0.07913673 0.71803871
v -0.31742187 -0.08608694 0.71984085
v -0.30818720 -0.08969412 0.72661879
v -0.30555349 -0.08099715 0.72577128
v -0.30555349 -0.08099715 0.72577128
v -0.30843599 -0.08099654 0.71691149
v -0.31106407 -0.08969437 0.71777497
v -0.26393428 -0.08534601 0.65664985
v -0.26943434 -0.07935858 0.66044869
v -0.27611685 -0.08534601 0.66061043
v -0.27061899 -0.09132195 0.65680478
v -0.26551457 -0.08261286 0.65178893
v -0.27036828 -0.07782902 0.65757599
v -0.27769720 -0.08261286 0.65574952
v -0.27284086 -0.08739149 0.64997036
v -0.26669917 -0.07761686 0.64814498
v -0.27107687 -0.07465608 0.65539648
v -0.27888186 -0.07761686 0.65210556
v -0.27450131 -0.08057892 0.64486280
v -0.26734709 -0.07098135 0.64615199
v -0.27151366 -0.06973233 0.65405288
v -0.27952979 -0.07098135 0.65011257
v -0.27536125 -0.07223441 0.64221769
v -0.25299226 -0.08613253 0.69318693
v -0.25929420 -0.07972741 0.69359081
v -0.26560237 -0.08613253 0.69400389
v -0.25929420 -0.09253766 0.69359081
v -0.25369548 -0.08613253 0.70080649
v -0.25970728 -0.07972742 0.69909992
v -0.26572829 -0.08613253 0.69739371
v -0.25970728 -0.09253764 0.69909992
v -0.25725144 -0.08613253 0.70778831
v -0.26216706 -0.07972742 0.70392935
v -0.26708771 -0.08613253 0.70006279
v -0.26216706 -0.09253764 0.70392935
v -0.26306273 -0.08613313 0.71286026
v -0.26643030 -0.07972746 0.70752173
v -0.26979838 -0.08613282 0.70217043
v -0.26643343 -0.09253759 0.70752314
v -0.31687867 -0.07098132 0.73128963
v -0.31293841 -0.06973231 0.72327357
v -0.32083924 -0.07098135 0.71910700
v -0.32477354 -0.07223438 0.72712113
v -0.31488569 -0.07761685 0.73064170
v -0.31159478 -0.07465606 0.72283673
v -0.31884625 -0.07761686 0.71845907
v -0.32212847 -0.08057891 0.72626122
v -0.31124175 -0.08261284 0.72945705
v -0.30941527 -0.07782900 0.72212815
v -0.31520231 -0.08261284 0.71727445
v -0.31702089 -0.08739147 0.72460079
v -0.30632704 -0.08534931 0.72785915
v -0.30650238 -0.07935620 0.72118140
v -0.31029005 -0.08534894 0.71567757
v -0.31012080 -0.09132569 0.72235813
f 76 81 7
f 76 7 1
f 4 13 83
f 4 83 77
f 77 83 11
f 77 11 3
f 5 15 85
f 5 85 78
f 78 85 13
f 78 13 4
f 1 7 87
f 1 87 79
f 76 1 26
f 76 26 96
f 79 87 15
f 79 15 5
f 8 17 88
f 8 88 80
f 80 88 16
f 80 16 6
f 12 19 89
f 12 89 82
f 82 89 18
f 82 18 10
f 14 20 90
f 14 90 84
f 84 90 19
f 84 19 12
f 6 16 91
f 6 91 86
f 86 91 20
f 86 20 14
f 17 22 92
f 17 92 88
f 88 92 21
f 88 21 16
f 19 24 93
f 19 93 89
f 89 93 23
f 89 23 18
f 20 25 94
f 20 94 90
f 90 94 24
f 90 24 19
f 16 21 95
f 16 95 91
f 91 95 25
f 91 25 20
f 100 32 27
f 100 27 96
f 33 101 97
f 33 97 28
f 4 77 97
f 4 97 29
f 77 3 28
f 77 28 97
f 101 34 29
f 101 29 97
f 34 102 98
f 34 98 29
f 5 78 98
f 5 98 30
f 78 4 29
f 78 29 98
f 102 35 30
f 102 30 98
f 35 103 99
f 35 99 30
f 1 79 99
f 1 99 26
f 79 5 30
f 79 30 99
f 103 31 26
f 103 26 99
f 36 104 100
f 36 100 31
f 104 37 32
f 104 32 100
f 38 105 101
f 38 101 33
f 105 39 34
f 105 34 101
f 39 106 102
f 39 102 34
f 106 40 35
f 106 35 102
f 40 107 103
f 40 103 35
f 107 36 31
f 107 31 103
f 41 108 104
f 41 104 36
f 108 42 37
f 108 37 104
f 43 109 105
f 43 105 38
f 109 44 39
f 109 39 105
f 44 110 106
f 44 106 39
f 110 45 40
f 110 40 106
f 45 111 107
f 45 107 40
f 111 41 36
f 111 36 107
f 2 9 81
f 2 81 76
f 108 41 61
f 108 61 124
f 112 132 72
f 112 72 47
f 48 73 133
f 48 133 113
f 112 116 51
f 112 51 46
f 49 54 117
f 49 117 113
f 113 133 74
f 113 74 49
f 49 74 134
f 49 134 114
f 113 117 53
f 113 53 48
f 50 55 118
f 50 118 114
f 114 134 75
f 114 75 50
f 50 75 135
f 50 135 115
f 114 118 54
f 114 54 49
f 46 51 119
f 46 119 115
f 115 135 71
f 115 71 46
f 47 52 116
f 47 116 112
f 115 119 55
f 115 55 50
f 52 57 120
f 52 120 116
f 116 120 56
f 116 56 51
f 54 59 121
f 54 121 117
f 117 121 58
f 117 58 53
f 55 60 122
f 55 122 118
f 118 122 59
f 118 59 54
f 51 56 123
f 51 123 119
f 119 123 60
f 119 60 55
f 57 62 124
f 57 124 120
f 120 124 61
f 120 61 56
f 59 64 125
f 59 125 121
f 121 125 63
f 121 63 58
f 60 65 126
f 60 126 122
f 122 126 64
f 122 64 59
f 56 61 127
f 56 127 123
f 123 127 65
f 123 65 60
f 44 109 125
f 44 125 64
f 109 43 63
f 109 63 125
f 45 110 126
f 45 126 65
f 110 44 64
f 110 64 126
f 41 111 127
f 41 127 61
f 111 45 65
f 111 65 127
f 2 76 96
f 2 96 27
f 22 67 128
f 22 128 92
f 92 128 66
f 92 66 21
f 24 69 129
f 24 129 93
f 93 129 68
f 93 68 23
f 25 70 130
f 25 130 94
f 94 130 69
f 94 69 24
f 21 66 131
f 21 131 95
f 95 131 70
f 95 70 25
f 31 100 96
f 31 96 26
f 42 108 124
f 42 124 62
f 46 71 132
f 46 132 112
f 196 136 141
f 196 141 200
f 139 197 201
f 139 201 144
f 197 138 143
f 197 143 201
f 140 198 202
f 140 202 145
f 198 139 144
f 198 144 202
f 136 199 203
f 136 203 141
f 196 212 156
f 196 156 136
f 199 140 145
f 199 145 203
f 142 200 204
f 142 204 147
f 200 141 146
f 200 146 204
f 144 201 205
f 144 205 149
f 201 143 148
f 201 148 205
f 145 202 206
f 145 206 150
f 202 144 149
f 202 149 206
f 141 203 207
f 141 207 146
f 203 145 150
f 203 150 207
f 147 204 208
f 147 208 152
f 204 146 151
f 204 151 208
f 149 205 209
f 149 209 154
f 205 148 153
f 205 153 209
f 150 206 210
f 150 210 155
f 206 149 154
f 206 154 210
f 146 207 211
f 146 211 151
f 207 150 155
f 207 155 211
f 216 212 157
f 216 157 162
f 163 158 213
f 163 213 217
f 139 159 213
f 139 213 197
f 197 213 158
f 197 158 138
f 217 213 159
f 217 159 164
f 164 159 214
f 164 214 218
f 140 160 214
f 140 214 198
f 198 214 159
f 198 159 139
f 218 214 160
f 218 160 165
f 165 160 215
f 165 215 219
f 136 156 215
f 136 215 199
f 199 215 160
f 199 160 140
f 219 215 156
f 219 156 161
f 166 161 216
f 166 216 220
f 220 216 162
f 220 162 167
f 168 163 217
f 168 217 221
f 221 217 164
f 221 164 169
f 169 164 218
f 169 218 222
f 222 218 165
f 222 165 170
f 170 165 219
f 170 219 223
f 223 219 161
f 223 161 166
f 171 166 220
f 171 220 224
f 224 220 167
f 224 167 172
f 173 168 221
f 173 221 225
f 225 221 169
f 225 169 174
f 174 169 222
f 174 222 226
f 226 222 170
f 226 170 175
f 175 170 223
f 175 223 227
f 227 223 166
f 227 166 171
f 137 196 200
f 137 200 142
f 224 240 191
f 224 191 171
f 228 177 72
f 228 72 132
f 178 229 133
f 178 133 73
f 228 176 181
f 228 181 232
f 179 229 233
f 179 233 184
f 229 179 74
f 229 74 133
f 179 230 134
f 179 134 74
f 229 178 183
f 229 183 233
f 180 230 234
f 180 234 185
f 230 180 75
f 230 75 134
f 180 231 135
f 180 135 75
f 230 179 184
f 230 184 234
f 176 231 235
f 176 235 181
f 231 176 71
f 231 71 135
f 177 228 232
f 177 232 182
f 231 180 185
f 231 185 235
f 182 232 236
f 182 236 187
f 232 181 186
f 232 186 236
f 184 233 237
f 184 237 189
f 233 183 188
f 233 188 237
f 185 234 238
f 185 238 190
f 234 184 189
f 234 189 238
f 181 235 239
f 181 239 186
f 235 185 190
f 235 190 239
f 187 236 240
f 187 240 192
f 236 186 191
f 236 191 240
f 189 237 241
f 189 241 194
f 237 188 193
f 237 193 241
f 190 238 242
f 190 242 195
f 238 189 194
f 238 194 242
f 186 239 243
f 186 243 191
f 239 190 195
f 239 195 243
f 174 194 241
f 174 241 225
f 225 241 193
f 225 193 173
f 175 195 242
f 175 242 226
f 226 242 194
f 226 194 174
f 171 191 243
f 171 243 227
f 227 243 195
f 227 195 175
f 137 157 212
f 137 212 196
f 152 208 128
f 152 128 67
f 208 151 66
f 208 66 128
f 154 209 129
f 154 129 69
f 209 153 68
f 209 68 129
f 155 210 130
f 155 130 70
f 210 154 69
f 210 69 130
f 151 211 131
f 151 131 66
f 211 155 70
f 211 70 131
f 161 156 212
f 161 212 216
f 172 192 240
f 172 240 224
f 176 228 132
f 176 132 71
f 1474 1886 1885
f 1474 1885 1477
f 1477 1885 1889
f 1477 1889 1479
f 1479 1889 1891
f 1479 1891 1481
f 1481 1891 1893
f 1481 1893 1483
f 1483 1893 1895
f 1483 1895 1485
f 1485 1895 1897
f 1485 1897 1487
f 1487 1897 1899
f 1487 1899 1489
f 1489 1899 1901
f 1489 1901 1491
f 1491 1901 1903
f 1491 1903 1493
f 1493 1903 1905
f 1493 1905 1495
f 1495 1905 1907
f 1495 1907 1497
f 1497 1907 1909
f 1497 1909 1499
f 1499 1909 1911
f 1499 1911 1501
f 1501 1911 1913
f 1501 1913 1503
f 1503 1913 1915
f 1503 1915 1505
f 1505 1915 1917
f 1505 1917 1507
f 1507 1917 1919
f 1507 1919 1509
f 1509 1919 1921
f 1509 1921 1511
f 1511 1921 1923
f 1511 1923 1513
f 1513 1923 1924
f 1513 1924 1514
f 1514 1924 1926
f 1514 1926 1516
f 1516 1926 1928
f 1516 1928 1518
f 1518 1928 1930
f 1518 1930 1520
f 1520 1930 1933
f 1520 1933 1523
f 1522 1932 1935
f 1522 1935 1526
f 1526 1935 1937
f 1526 1937 1528
f 1528 1937 1939
f 1528 1939 1530
f 1530 1939 1941
f 1530 1941 1532
f 1532 1941 1943
f 1532 1943 1534
f 1534 1943 1945
f 1534 1945 1536
f 1536 1945 1947
f 1536 1947 1538
f 1538 1947 1949
f 1538 1949 1540
f 1540 1949 1951
f 1540 1951 1542
f 1542 1951 1953
f 1542 1953 1544
f 1544 1953 1955
f 1544 1955 1546
f 1546 1955 1957
f 1546 1957 1548
f 1548 1957 1959
f 1548 1959 1550
f 1550 1959 1961
f 1550 1961 1552
f 1552 1961 1963
f 1552 1963 1554
f 1554 1963 1886
f 1554 1886 1474
f 409 657 659
f 409 659 411
f 732 734 736
f 732 736 737
f 484 733 735
f 484 735 486
f 482 731 733
f 482 733 484
f 480 729 731
f 480 731 482
f 478 727 729
f 478 729 480
f 476 725 727
f 476 727 478
f 474 723 725
f 474 725 476
f 472 721 723
f 472 723 474
f 470 719 721
f 470 721 472
f 468 717 719
f 468 719 470
f 466 715 717
f 466 717 468
f 464 713 715
f 464 715 466
f 462 711 713
f 462 713 464
f 460 709 711
f 460 711 462
f 458 707 709
f 458 709 460
f 455 705 707
f 455 707 458
f 452 701 704
f 452 704 454
f 450 699 701
f 450 701 452
f 448 697 699
f 448 699 450
f 446 695 697
f 446 697 448
f 445 693 695
f 445 695 446
f 443 691 693
f 443 693 445
f 441 689 691
f 441 691 443
f 439 687 689
f 439 689 441
f 437 685 687
f 437 687 439
f 435 683 685
f 435 685 437
f 433 681 683
f 433 683 435
f 431 679 681
f 431 681 433
f 429 677 679
f 429 679 431
f 427 675 677
f 427 677 429
f 425 673 675
f 425 675 427
f 423 671 673
f 423 673 425
f 421 669 671
f 421 671 423
f 419 667 669
f 419 669 421
f 417 665 667
f 417 667 419
f 415 663 665
f 415 665 417
f 413 661 663
f 413 663 415
f 411 659 661
f 411 661 413
f 486 735 654
f 486 654 488
f 501 581 583
f 501 583 503
f 554 635 637
f 554 637 556
f 244 512 514
f 497 577 579
f 497 579 499
f 244 567 569
f 244 494 496
f 550 631 633
f 550 633 552
f 244 549 551
f 495 575 577
f 495 577 497
f 548 629 631
f 548 631 550
f 244 528 530
f 491 652 573
f 491 573 493
f 546 627 629
f 546 629 548
f 244 510 512
f 493 573 575
f 493 575 495
f 244 565 567
f 244 492 494
f 544 625 627
f 544 627 546
f 244 547 549
f 542 623 625
f 542 625 544
f 244 526 528
f 539 621 623
f 539 623 542
f 244 508 510
f 244 563 565
f 536 617 620
f 536 620 538
f 244 545 547
f 244 490 492
f 534 615 617
f 534 617 536
f 244 524 526
f 532 613 615
f 532 615 534
f 244 506 508
f 244 561 563
f 531 611 613
f 531 613 532
f 244 543 545
f 529 609 611
f 529 611 531
f 244 522 524
f 527 607 609
f 527 609 529
f 244 504 506
f 244 559 561
f 525 605 607
f 525 607 527
f 410 412 576
f 410 576 574
f 408 410 574
f 408 574 572
f 412 414 578
f 412 578 576
f 499 579 581
f 499 581 501
f 414 416 580
f 414 580 578
f 416 418 582
f 416 582 580
f 418 420 584
f 418 584 582
f 420 422 586
f 420 586 584
f 422 424 588
f 422 588 586
f 424 426 590
f 424 590 588
f 426 428 592
f 426 592 590
f 428 430 594
f 428 594 592
f 430 432 596
f 430 596 594
f 432 434 598
f 432 598 596
f 434 436 600
f 434 600 598
f 436 438 602
f 436 602 600
f 438 440 604
f 438 604 602
f 442 444 608
f 442 608 606
f 444 447 610
f 444 610 608
f 447 449 612
f 447 612 610
f 449 451 614
f 449 614 612
f 451 453 616
f 451 616 614
f 453 456 618
f 453 618 616
f 457 459 622
f 457 622 619
f 459 461 624
f 459 624 622
f 461 463 626
f 461 626 624
f 463 465 628
f 463 628 626
f 465 467 630
f 465 630 628
f 467 469 632
f 467 632 630
f 552 633 635
f 552 635 554
f 469 471 634
f 469 634 632
f 471 473 636
f 471 636 634
f 473 475 638
f 473 638 636
f 475 477 640
f 475 640 638
f 477 479 642
f 477 642 640
f 479 481 644
f 479 644 642
f 481 483 646
f 481 646 644
f 483 485 648
f 483 648 646
f 485 487 650
f 485 650 648
f 487 489 653
f 487 653 650
f 244 530 533
f 556 637 639
f 556 639 558
f 503 583 585
f 503 585 505
f 244 551 553
f 558 639 641
f 558 641 560
f 244 496 498
f 505 585 587
f 505 587 507
f 244 569 571
f 244 514 516
f 560 641 643
f 560 643 562
f 507 587 589
f 507 589 509
f 244 533 535
f 562 643 645
f 562 645 564
f 509 589 591
f 509 591 511
f 244 553 555
f 564 645 647
f 564 647 566
f 244 498 500
f 244 571 490
f 511 591 593
f 511 593 513
f 244 516 518
f 566 647 649
f 566 649 568
f 513 593 595
f 513 595 515
f 244 535 537
f 568 649 651
f 568 651 570
f 515 595 597
f 515 597 517
f 244 555 557
f 570 651 652
f 570 652 491
f 244 500 502
f 517 597 599
f 517 599 519
f 244 518 520
f 519 599 601
f 519 601 521
f 244 537 541
f 521 601 603
f 521 603 523
f 244 557 559
f 244 502 504
f 523 603 605
f 523 605 525
f 244 520 522
f 440 442 606
f 440 606 604
f 244 540 543
f 653 572 573
f 653 573 652
f 572 574 575
f 572 575 573
f 574 576 577
f 574 577 575
f 576 578 579
f 576 579 577
f 578 580 581
f 578 581 579
f 580 582 583
f 580 583 581
f 582 584 585
f 582 585 583
f 584 586 587
f 584 587 585
f 586 588 589
f 586 589 587
f 588 590 591
f 588 591 589
f 590 592 593
f 590 593 591
f 592 594 595
f 592 595 593
f 594 596 597
f 594 597 595
f 596 598 599
f 596 599 597
f 598 600 601
f 598 601 599
f 600 602 603
f 600 603 601
f 602 604 605
f 602 605 603
f 604 606 607
f 604 607 605
f 606 608 609
f 606 609 607
f 608 610 611
f 608 611 609
f 610 612 613
f 610 613 611
f 612 614 615
f 612 615 613
f 614 616 617
f 614 617 615
f 616 618 620
f 616 620 617
f 619 622 623
f 619 623 621
f 622 624 625
f 622 625 623
f 624 626 627
f 624 627 625
f 626 628 629
f 626 629 627
f 628 630 631
f 628 631 629
f 630 632 633
f 630 633 631
f 632 634 635
f 632 635 633
f 634 636 637
f 634 637 635
f 636 638 639
f 636 639 637
f 638 640 641
f 638 641 639
f 640 642 643
f 640 643 641
f 642 644 645
f 642 645 643
f 644 646 647
f 644 647 645
f 646 648 649
f 646 649 647
f 648 650 651
f 648 651 649
f 650 653 652
f 650 652 651
f 489 408 572
f 489 572 653
f 734 407 327
f 734 327 655
f 656 329 331
f 656 331 658
f 658 331 333
f 658 333 660
f 660 333 335
f 660 335 662
f 662 335 337
f 662 337 664
f 664 337 339
f 664 339 666
f 666 339 341
f 666 341 668
f 668 341 343
f 668 343 670
f 670 343 345
f 670 345 672
f 672 345 347
f 672 347 674
f 674 347 349
f 674 349 676
f 676 349 351
f 676 351 678
f 678 351 353
f 678 353 680
f 680 353 355
f 680 355 682
f 682 355 357
f 682 357 684
f 684 357 359
f 684 359 686
f 686 359 361
f 686 361 688
f 688 361 363
f 688 363 690
f 690 363 365
f 690 365 692
f 692 365 367
f 692 367 694
f 694 367 369
f 694 369 696
f 696 369 371
f 696 371 698
f 698 371 373
f 698 373 700
f 700 373 376
f 700 376 702
f 703 377 379
f 703 379 706
f 706 379 381
f 706 381 708
f 708 381 383
f 708 383 710
f 710 383 385
f 710 385 712
f 712 385 387
f 712 387 714
f 714 387 389
f 714 389 716
f 716 389 391
f 716 391 718
f 718 391 393
f 718 393 720
f 720 393 395
f 720 395 722
f 722 395 397
f 722 397 724
f 724 397 399
f 724 399 726
f 726 399 401
f 726 401 728
f 728 401 403
f 728 403 730
f 730 403 405
f 730 405 732
f 732 405 407
f 732 407 734
f 488 654 657
f 488 657 409
f 655 656 775
f 655 775 776
f 656 658 774
f 656 774 775
f 658 660 773
f 658 773 774
f 660 662 772
f 660 772 773
f 662 664 771
f 662 771 772
f 664 666 770
f 664 770 771
f 666 668 769
f 666 769 770
f 668 670 768
f 668 768 769
f 670 672 767
f 670 767 768
f 672 674 766
f 672 766 767
f 674 676 765
f 674 765 766
f 676 678 764
f 676 764 765
f 678 680 763
f 678 763 764
f 680 682 762
f 680 762 763
f 682 684 761
f 682 761 762
f 684 686 760
f 684 760 761
f 686 688 759
f 686 759 760
f 688 690 758
f 688 758 759
f 690 692 757
f 690 757 758
f 692 694 756
f 692 756 757
f 694 696 755
f 694 755 756
f 696 698 754
f 696 754 755
f 698 700 753
f 698 753 754
f 700 702 751
f 700 751 753
f 703 706 750
f 703 750 752
f 706 708 749
f 706 749 750
f 708 710 748
f 708 748 749
f 710 712 747
f 710 747 748
f 712 714 746
f 712 746 747
f 714 716 745
f 714 745 746
f 716 718 744
f 716 744 745
f 718 720 743
f 718 743 744
f 720 722 742
f 720 742 743
f 722 724 741
f 722 741 742
f 724 726 740
f 724 740 741
f 726 728 739
f 726 739 740
f 728 730 738
f 728 738 739
f 730 732 737
f 730 737 738
f 734 655 776
f 734 776 736
f 655 327 329
f 655 329 656
f 737 736 735
f 737 735 733
f 738 737 733
f 738 733 731
f 739 738 731
f 739 731 729
f 740 739 729
f 740 729 727
f 741 740 727
f 741 727 725
f 742 741 725
f 742 725 723
f 743 742 723
f 743 723 721
f 744 743 721
f 744 721 719
f 745 744 719
f 745 719 717
f 746 745 717
f 746 717 715
f 747 746 715
f 747 715 713
f 748 747 713
f 748 713 711
f 749 748 711
f 749 711 709
f 750 749 709
f 750 709 707
f 752 750 707
f 752 707 705
f 753 751 704
f 753 704 701
f 754 753 701
f 754 701 699
f 755 754 699
f 755 699 697
f 756 755 697
f 756 697 695
f 757 756 695
f 757 695 693
f 758 757 693
f 758 693 691
f 759 758 691
f 759 691 689
f 760 759 689
f 760 689 687
f 761 760 687
f 761 687 685
f 762 761 685
f 762 685 683
f 763 762 683
f 763 683 681
f 764 763 681
f 764 681 679
f 765 764 679
f 765 679 677
f 766 765 677
f 766 677 675
f 767 766 675
f 767 675 673
f 768 767 673
f 768 673 671
f 769 768 671
f 769 671 669
f 770 769 669
f 770 669 667
f 771 770 667
f 771 667 665
f 772 771 665
f 772 665 663
f 773 772 663
f 773 663 661
f 774 773 661
f 774 661 659
f 775 774 659
f 775 659 657
f 776 775 657
f 776 657 654
f 736 776 654
f 736 654 735
f 406 857 777
f 406 777 326
f 404 855 857
f 404 857 406
f 402 853 855
f 402 855 404
f 400 851 853
f 400 853 402
f 398 849 851
f 398 851 400
f 396 847 849
f 396 849 398
f 394 845 847
f 394 847 396
f 392 843 845
f 392 845 394
f 390 841 843
f 390 843 392
f 388 839 841
f 388 841 390
f 386 837 839
f 386 839 388
f 384 835 837
f 384 837 386
f 382 833 835
f 382 835 384
f 380 831 833
f 380 833 382
f 378 829 831
f 378 831 380
f 374 826 829
f 374 829 378
f 372 823 825
f 372 825 375
f 370 821 823
f 370 823 372
f 368 819 821
f 368 821 370
f 366 817 819
f 366 819 368
f 364 815 817
f 364 817 366
f 362 813 815
f 362 815 364
f 360 811 813
f 360 813 362
f 358 809 811
f 358 811 360
f 356 807 809
f 356 809 358
f 354 805 807
f 354 807 356
f 352 803 805
f 352 805 354
f 350 801 803
f 350 803 352
f 348 799 801
f 348 801 350
f 346 797 799
f 346 799 348
f 344 795 797
f 344 797 346
f 342 793 795
f 342 795 344
f 340 791 793
f 340 793 342
f 338 789 791
f 338 791 340
f 336 787 789
f 336 789 338
f 334 785 787
f 334 787 336
f 332 783 785
f 332 785 334
f 330 781 783
f 330 783 332
f 328 779 781
f 328 781 330
f 326 777 779
f 326 779 328
f 1883 899 859
f 1883 859 1843
f 1882 898 899
f 1882 899 1883
f 1881 897 898
f 1881 898 1882
f 1880 896 897
f 1880 897 1881
f 1879 895 896
f 1879 896 1880
f 1878 894 895
f 1878 895 1879
f 1877 893 894
f 1877 894 1878
f 1876 892 893
f 1876 893 1877
f 1875 891 892
f 1875 892 1876
f 1874 890 891
f 1874 891 1875
f 1873 889 890
f 1873 890 1874
f 1872 888 889
f 1872 889 1873
f 1871 887 888
f 1871 888 1872
f 1870 886 887
f 1870 887 1871
f 1869 885 886
f 1869 886 1870
f 1867 883 885
f 1867 885 1869
f 1866 882 884
f 1866 884 1868
f 1865 881 882
f 1865 882 1866
f 1864 880 881
f 1864 881 1865
f 1863 879 880
f 1863 880 1864
f 1862 878 879
f 1862 879 1863
f 1861 877 878
f 1861 878 1862
f 1860 876 877
f 1860 877 1861
f 1859 875 876
f 1859 876 1860
f 1858 874 875
f 1858 875 1859
f 1857 873 874
f 1857 874 1858
f 1856 872 873
f 1856 873 1857
f 1855 871 872
f 1855 872 1856
f 1854 870 871
f 1854 871 1855
f 1853 869 870
f 1853 870 1854
f 1852 868 869
f 1852 869 1853
f 1851 867 868
f 1851 868 1852
f 1850 866 867
f 1850 867 1851
f 1849 865 866
f 1849 866 1850
f 1848 864 865
f 1848 865 1849
f 1847 863 864
f 1847 864 1848
f 1846 862 863
f 1846 863 1847
f 1845 861 862
f 1845 862 1846
f 1844 860 861
f 1844 861 1845
f 1843 859 860
f 1843 860 1844
f 947 1127 1131
f 947 1131 948
f 907 1039 1043
f 907 1043 906
f 934 1042 1046
f 934 1046 933
f 975 1130 1134
f 975 1134 976
f 948 1131 1135
f 948 1135 949
f 906 1043 1047
f 906 1047 905
f 933 1046 1050
f 933 1050 932
f 976 1134 1140
f 976 1140 977
f 949 1135 1143
f 949 1143 950
f 905 1047 1051
f 905 1051 904
f 932 1050 1054
f 932 1054 931
f 977 1140 1138
f 977 1138 978
f 950 1143 1141
f 950 1141 951
f 904 1051 1057
f 904 1057 903
f 931 1054 1062
f 931 1062 930
f 978 1138 1186
f 978 1186 979
f 951 1141 1183
f 951 1183 952
f 903 1057 1055
f 903 1055 902
f 930 1062 1060
f 930 1060 929
f 979 1186 1182
f 979 1182 980
f 952 1183 1179
f 952 1179 953
f 902 1055 1103
f 902 1103 901
f 929 1060 1102
f 929 1102 928
f 953 1179 1177
f 953 1177 954
f 901 1103 1099
f 901 1099 900
f 928 1102 1098
f 928 1098 927
f 954 1177 1175
f 954 1175 955
f 927 1098 1096
f 927 1096 926
f 955 1175 1173
f 955 1173 956
f 926 1096 1094
f 926 1094 925
f 956 1173 1171
f 956 1171 957
f 925 1094 1091
f 925 1091 923
f 957 1171 1169
f 957 1169 958
f 924 1092 1088
f 924 1088 922
f 958 1169 1167
f 958 1167 959
f 922 1088 1086
f 922 1086 921
f 959 1167 1166
f 959 1166 960
f 921 1086 1084
f 921 1084 920
f 960 1166 1164
f 960 1164 961
f 920 1084 1081
f 920 1081 919
f 858 980 981
f 858 981 778
f 856 979 980
f 856 980 858
f 854 978 979
f 854 979 856
f 852 977 978
f 852 978 854
f 850 976 977
f 850 977 852
f 848 975 976
f 848 976 850
f 846 974 975
f 846 975 848
f 844 973 974
f 844 974 846
f 842 972 973
f 842 973 844
f 840 971 972
f 840 972 842
f 838 970 971
f 838 971 840
f 836 969 970
f 836 970 838
f 834 968 969
f 834 969 836
f 832 967 968
f 832 968 834
f 830 966 967
f 830 967 832
f 827 964 966
f 827 966 830
f 824 963 965
f 824 965 828
f 822 962 963
f 822 963 824
f 820 961 962
f 820 962 822
f 818 960 961
f 818 961 820
f 816 959 960
f 816 960 818
f 814 958 959
f 814 959 816
f 812 957 958
f 812 958 814
f 810 956 957
f 810 957 812
f 808 955 956
f 808 956 810
f 806 954 955
f 806 955 808
f 804 953 954
f 804 954 806
f 802 952 953
f 802 953 804
f 800 951 952
f 800 952 802
f 798 950 951
f 798 951 800
f 796 949 950
f 796 950 798
f 794 948 949
f 794 949 796
f 792 947 948
f 792 948 794
f 790 946 947
f 790 947 792
f 788 945 946
f 788 946 790
f 786 944 945
f 786 945 788
f 784 943 944
f 784 944 786
f 782 942 943
f 782 943 784
f 780 941 942
f 780 942 782
f 778 981 941
f 778 941 780
f 1105 1147 1001
f 1105 1001 1016
f 1108 1146 983
f 1108 983 984
f 1024 1066 1009
f 1024 1009 992
f 1025 1063 1022
f 1025 1022 1021
f 1109 1105 1016
f 1109 1016 1002
f 1112 1108 984
f 1112 984 985
f 1028 1024 992
f 1028 992 991
f 1029 1025 1021
f 1029 1021 1020
f 1113 1109 1002
f 1113 1002 1017
f 1116 1112 985
f 1116 985 986
f 1032 1028 991
f 1032 991 1008
f 1033 1029 1020
f 1033 1020 1006
f 1117 1113 1017
f 1117 1017 1018
f 1120 1116 986
f 1120 986 987
f 1036 1032 1008
f 1036 1008 1007
f 1037 1033 1006
f 1037 1006 1005
f 1121 1117 1018
f 1121 1018 1003
f 1124 1120 987
f 1124 987 988
f 1040 1036 1007
f 1040 1007 990
f 1041 1037 1005
f 1041 1005 1019
f 1125 1121 1003
f 1125 1003 1004
f 1128 1124 988
f 1128 988 989
f 1044 1040 990
f 1044 990 989
f 1045 1041 1019
f 1045 1019 1004
f 1129 1125 1004
f 1129 1004 1019
f 1132 1128 989
f 1132 989 990
f 1048 1044 989
f 1048 989 988
f 1049 1045 1004
f 1049 1004 1003
f 1133 1129 1019
f 1133 1019 1005
f 1136 1132 990
f 1136 990 1007
f 1052 1048 988
f 1052 988 987
f 1053 1049 1003
f 1053 1003 1018
f 1139 1133 1005
f 1139 1005 1006
f 1144 1136 1007
f 1144 1007 1008
f 1058 1052 987
f 1058 987 986
f 1061 1053 1018
f 1061 1018 1017
f 1137 1139 1006
f 1137 1006 1020
f 1142 1144 1008
f 1142 1008 991
f 1056 1058 986
f 1056 986 985
f 1059 1061 1017
f 1059 1017 1002
f 974 1126 1130
f 974 1130 975
f 935 1038 1042
f 935 1042 934
f 908 1035 1039
f 908 1039 907
f 946 1123 1127
f 946 1127 947
f 973 1122 1126
f 973 1126 974
f 936 1034 1038
f 936 1038 935
f 909 1031 1035
f 909 1035 908
f 945 1119 1123
f 945 1123 946
f 972 1118 1122
f 972 1122 973
f 937 1030 1034
f 937 1034 936
f 910 1027 1031
f 910 1031 909
f 944 1115 1119
f 944 1119 945
f 971 1114 1118
f 971 1118 972
f 938 1026 1030
f 938 1030 937
f 911 1023 1027
f 911 1027 910
f 943 1111 1115
f 943 1115 944
f 970 1110 1114
f 970 1114 971
f 939 1064 1026
f 939 1026 938
f 912 1065 1023
f 912 1023 911
f 942 1107 1111
f 942 1111 943
f 969 1106 1110
f 969 1110 970
f 940 1067 1064
f 940 1064 939
f 913 1069 1065
f 913 1065 912
f 941 1145 1107
f 941 1107 942
f 968 1148 1106
f 968 1106 969
f 980 1182 1149
f 980 1149 981
f 914 1071 1069
f 914 1069 913
f 981 1149 1145
f 981 1145 941
f 967 1152 1148
f 967 1148 968
f 915 1073 1071
f 915 1071 914
f 966 1154 1152
f 966 1152 967
f 916 1075 1073
f 916 1073 915
f 964 1157 1154
f 964 1154 966
f 917 1077 1075
f 917 1075 916
f 963 1160 1158
f 963 1158 965
f 918 1079 1077
f 918 1077 917
f 962 1162 1160
f 962 1160 963
f 919 1081 1079
f 919 1079 918
f 961 1164 1162
f 961 1162 962
f 1063 1068 982
f 1063 982 1022
f 1066 1070 1010
f 1066 1010 1009
f 1146 1150 982
f 1146 982 983
f 1147 1151 1000
f 1147 1000 1001
f 1070 1072 993
f 1070 993 1010
f 1151 1153 1015
f 1151 1015 1000
f 1072 1074 994
f 1072 994 993
f 1153 1155 1013
f 1153 1013 1015
f 1074 1076 995
f 1074 995 994
f 1156 1159 1012
f 1156 1012 1014
f 1076 1078 996
f 1076 996 995
f 1159 1161 999
f 1159 999 1012
f 1078 1080 997
f 1078 997 996
f 1161 1163 998
f 1161 998 999
f 1080 1082 1011
f 1080 1011 997
f 1163 1165 1011
f 1163 1011 998
f 1082 1083 998
f 1082 998 1011
f 1165 1168 997
f 1165 997 1011
f 1083 1085 999
f 1083 999 998
f 1168 1170 996
f 1168 996 997
f 1085 1087 1012
f 1085 1012 999
f 1170 1172 995
f 1170 995 996
f 1087 1090 1014
f 1087 1014 1012
f 1172 1174 994
f 1172 994 995
f 1089 1093 1015
f 1089 1015 1013
f 1174 1176 993
f 1174 993 994
f 1093 1095 1000
f 1093 1000 1015
f 1176 1178 1010
f 1176 1010 993
f 1095 1097 1001
f 1095 1001 1000
f 1068 1100 983
f 1068 983 982
f 1178 1180 1009
f 1178 1009 1010
f 1150 1181 1022
f 1150 1022 982
f 1097 1101 1016
f 1097 1016 1001
f 1100 1104 984
f 1100 984 983
f 1180 1184 992
f 1180 992 1009
f 1181 1185 1021
f 1181 1021 1022
f 1101 1059 1002
f 1101 1002 1016
f 1104 1056 985
f 1104 985 984
f 1184 1142 991
f 1184 991 992
f 1185 1137 1020
f 1185 1020 1021
f 1473 1227 1187
f 1473 1187 1433
f 1472 1226 1227
f 1472 1227 1473
f 1471 1225 1226
f 1471 1226 1472
f 1470 1224 1225
f 1470 1225 1471
f 1469 1223 1224
f 1469 1224 1470
f 1468 1222 1223
f 1468 1223 1469
f 1467 1221 1222
f 1467 1222 1468
f 1466 1220 1221
f 1466 1221 1467
f 1465 1219 1220
f 1465 1220 1466
f 1464 1218 1219
f 1464 1219 1465
f 1463 1217 1218
f 1463 1218 1464
f 1462 1216 1217
f 1462 1217 1463
f 1461 1215 1216
f 1461 1216 1462
f 1460 1214 1215
f 1460 1215 1461
f 1459 1213 1214
f 1459 1214 1460
f 1457 1211 1213
f 1457 1213 1459
f 1456 1210 1212
f 1456 1212 1458
f 1455 1209 1210
f 1455 1210 1456
f 1454 1208 1209
f 1454 1209 1455
f 1453 1207 1208
f 1453 1208 1454
f 1452 1206 1207
f 1452 1207 1453
f 1451 1205 1206
f 1451 1206 1452
f 1450 1204 1205
f 1450 1205 1451
f 1449 1203 1204
f 1449 1204 1450
f 1448 1202 1203
f 1448 1203 1449
f 1447 1201 1202
f 1447 1202 1448
f 1446 1200 1201
f 1446 1201 1447
f 1445 1199 1200
f 1445 1200 1446
f 1444 1198 1199
f 1444 1199 1445
f 1443 1197 1198
f 1443 1198 1444
f 1442 1196 1197
f 1442 1197 1443
f 1441 1195 1196
f 1441 1196 1442
f 1440 1194 1195
f 1440 1195 1441
f 1439 1193 1194
f 1439 1194 1440
f 1438 1192 1193
f 1438 1193 1439
f 1437 1191 1192
f 1437 1192 1438
f 1436 1190 1191
f 1436 1191 1437
f 1435 1189 1190
f 1435 1190 1436
f 1434 1188 1189
f 1434 1189 1435
f 1433 1187 1188
f 1433 1188 1434
f 1392 1309 1229
f 1392 1229 1393
f 1393 1229 1231
f 1393 1231 1394
f 1394 1231 1233
f 1394 1233 1395
f 1395 1233 1235
f 1395 1235 1396
f 1396 1235 1237
f 1396 1237 1397
f 1397 1237 1239
f 1397 1239 1398
f 1398 1239 1241
f 1398 1241 1399
f 1399 1241 1243
f 1399 1243 1400
f 1400 1243 1245
f 1400 1245 1401
f 1401 1245 1247
f 1401 1247 1402
f 1402 1247 1249
f 1402 1249 1403
f 1403 1249 1251
f 1403 1251 1404
f 1404 1251 1253
f 1404 1253 1405
f 1405 1253 1255
f 1405 1255 1406
f 1406 1255 1257
f 1406 1257 1407
f 1407 1257 1259
f 1407 1259 1408
f 1408 1259 1261
f 1408 1261 1409
f 1409 1261 1263
f 1409 1263 1410
f 1410 1263 1265
f 1410 1265 1411
f 1411 1265 1267
f 1411 1267 1412
f 1412 1267 1268
f 1412 1268 1413
f 1413 1268 1270
f 1413 1270 1414
f 1414 1270 1272
f 1414 1272 1415
f 1415 1272 1275
f 1415 1275 1417
f 1416 1274 1278
f 1416 1278 1418
f 1418 1278 1280
f 1418 1280 1419
f 1419 1280 1282
f 1419 1282 1420
f 1420 1282 1284
f 1420 1284 1421
f 1421 1284 1286
f 1421 1286 1422
f 1422 1286 1288
f 1422 1288 1423
f 1423 1288 1290
f 1423 1290 1424
f 1424 1290 1292
f 1424 1292 1425
f 1425 1292 1294
f 1425 1294 1426
f 1426 1294 1296
f 1426 1296 1427
f 1427 1296 1298
f 1427 1298 1428
f 1428 1298 1300
f 1428 1300 1429
f 1429 1300 1302
f 1429 1302 1430
f 1430 1302 1304
f 1430 1304 1431
f 1431 1304 1306
f 1431 1306 1432
f 899 1349 1350
f 899 1350 859
f 898 1348 1349
f 898 1349 899
f 897 1347 1348
f 897 1348 898
f 896 1346 1347
f 896 1347 897
f 895 1345 1346
f 895 1346 896
f 894 1344 1345
f 894 1345 895
f 893 1343 1344
f 893 1344 894
f 892 1342 1343
f 892 1343 893
f 891 1341 1342
f 891 1342 892
f 890 1340 1341
f 890 1341 891
f 889 1339 1340
f 889 1340 890
f 888 1338 1339
f 888 1339 889
f 887 1337 1338
f 887 1338 888
f 886 1336 1337
f 886 1337 887
f 885 1335 1336
f 885 1336 886
f 883 1333 1335
f 883 1335 885
f 882 1332 1334
f 882 1334 884
f 881 1331 1332
f 881 1332 882
f 880 1330 1331
f 880 1331 881
f 879 1329 1330
f 879 1330 880
f 878 1328 1329
f 878 1329 879
f 877 1327 1328
f 877 1328 878
f 876 1326 1327
f 876 1327 877
f 875 1325 1326
f 875 1326 876
f 874 1324 1325
f 874 1325 875
f 873 1323 1324
f 873 1324 874
f 872 1322 1323
f 872 1323 873
f 871 1321 1322
f 871 1322 872
f 870 1320 1321
f 870 1321 871
f 869 1319 1320
f 869 1320 870
f 868 1318 1319
f 868 1319 869
f 867 1317 1318
f 867 1318 868
f 866 1316 1317
f 866 1317 867
f 865 1315 1316
f 865 1316 866
f 864 1314 1315
f 864 1315 865
f 863 1313 1314
f 863 1314 864
f 862 1312 1313
f 862 1313 863
f 861 1311 1312
f 861 1312 862
f 860 1310 1311
f 860 1311 861
f 859 1350 1310
f 859 1310 860
f 1349 1391 1351
f 1349 1351 1350
f 1348 1390 1391
f 1348 1391 1349
f 1347 1389 1390
f 1347 1390 1348
f 1346 1388 1389
f 1346 1389 1347
f 1345 1387 1388
f 1345 1388 1346
f 1344 1386 1387
f 1344 1387 1345
f 1343 1385 1386
f 1343 1386 1344
f 1342 1384 1385
f 1342 1385 1343
f 1341 1383 1384
f 1341 1384 1342
f 1340 1382 1383
f 1340 1383 1341
f 1339 1381 1382
f 1339 1382 1340
f 1338 1380 1381
f 1338 1381 1339
f 1337 1379 1380
f 1337 1380 1338
f 1336 1378 1379
f 1336 1379 1337
f 1335 1377 1378
f 1335 1378 1336
f 1333 1375 1377
f 1333 1377 1335
f 1332 1374 1376
f 1332 1376 1334
f 1331 1373 1374
f 1331 1374 1332
f 1330 1372 1373
f 1330 1373 1331
f 1329 1371 1372
f 1329 1372 1330
f 1328 1370 1371
f 1328 1371 1329
f 1327 1369 1370
f 1327 1370 1328
f 1326 1368 1369
f 1326 1369 1327
f 1325 1367 1368
f 1325 1368 1326
f 1324 1366 1367
f 1324 1367 1325
f 1323 1365 1366
f 1323 1366 1324
f 1322 1364 1365
f 1322 1365 1323
f 1321 1363 1364
f 1321 1364 1322
f 1320 1362 1363
f 1320 1363 1321
f 1319 1361 1362
f 1319 1362 1320
f 1318 1360 1361
f 1318 1361 1319
f 1317 1359 1360
f 1317 1360 1318
f 1316 1358 1359
f 1316 1359 1317
f 1315 1357 1358
f 1315 1358 1316
f 1314 1356 1357
f 1314 1357 1315
f 1313 1355 1356
f 1313 1356 1314
f 1312 1354 1355
f 1312 1355 1313
f 1311 1353 1354
f 1311 1354 1312
f 1310 1352 1353
f 1310 1353 1311
f 1350 1351 1352
f 1350 1352 1310
f 1391 1432 1392
f 1391 1392 1351
f 1390 1431 1432
f 1390 1432 1391
f 1389 1430 1431
f 1389 1431 1390
f 1388 1429 1430
f 1388 1430 1389
f 1387 1428 1429
f 1387 1429 1388
f 1386 1427 1428
f 1386 1428 1387
f 1385 1426 1427
f 1385 1427 1386
f 1384 1425 1426
f 1384 1426 1385
f 1383 1424 1425
f 1383 1425 1384
f 1382 1423 1424
f 1382 1424 1383
f 1381 1422 1423
f 1381 1423 1382
f 1380 1421 1422
f 1380 1422 1381
f 1379 1420 1421
f 1379 1421 1380
f 1378 1419 1420
f 1378 1420 1379
f 1377 1418 1419
f 1377 1419 1378
f 1375 1416 1418
f 1375 1418 1377
f 1374 1415 1417
f 1374 1417 1376
f 1373 1414 1415
f 1373 1415 1374
f 1372 1413 1414
f 1372 1414 1373
f 1371 1412 1413
f 1371 1413 1372
f 1370 1411 1412
f 1370 1412 1371
f 1369 1410 1411
f 1369 1411 1370
f 1368 1409 1410
f 1368 1410 1369
f 1367 1408 1409
f 1367 1409 1368
f 1366 1407 1408
f 1366 1408 1367
f 1365 1406 1407
f 1365 1407 1366
f 1364 1405 1406
f 1364 1406 1365
f 1363 1404 1405
f 1363 1405 1364
f 1362 1403 1404
f 1362 1404 1363
f 1361 1402 1403
f 1361 1403 1362
f 1360 1401 1402
f 1360 1402 1361
f 1359 1400 1401
f 1359 1401 1360
f 1358 1399 1400
f 1358 1400 1359
f 1357 1398 1399
f 1357 1399 1358
f 1356 1397 1398
f 1356 1398 1357
f 1355 1396 1397
f 1355 1397 1356
f 1354 1395 1396
f 1354 1396 1355
f 1353 1394 1395
f 1353 1395 1354
f 1352 1393 1394
f 1352 1394 1353
f 1351 1392 1393
f 1351 1393 1352
f 1308 1433 1434
f 1308 1434 1228
f 1228 1434 1435
f 1228 1435 1230
f 1230 1435 1436
f 1230 1436 1232
f 1232 1436 1437
f 1232 1437 1234
f 1234 1437 1438
f 1234 1438 1236
f 1236 1438 1439
f 1236 1439 1238
f 1238 1439 1440
f 1238 1440 1240
f 1240 1440 1441
f 1240 1441 1242
f 1242 1441 1442
f 1242 1442 1244
f 1244 1442 1443
f 1244 1443 1246
f 1246 1443 1444
f 1246 1444 1248
f 1248 1444 1445
f 1248 1445 1250
f 1250 1445 1446
f 1250 1446 1252
f 1252 1446 1447
f 1252 1447 1254
f 1254 1447 1448
f 1254 1448 1256
f 1256 1448 1449
f 1256 1449 1258
f 1258 1449 1450
f 1258 1450 1260
f 1260 1450 1451
f 1260 1451 1262
f 1262 1451 1452
f 1262 1452 1264
f 1264 1452 1453
f 1264 1453 1266
f 1266 1453 1454
f 1266 1454 1269
f 1269 1454 1455
f 1269 1455 1271
f 1271 1455 1456
f 1271 1456 1273
f 1273 1456 1458
f 1273 1458 1277
f 1276 1457 1459
f 1276 1459 1279
f 1279 1459 1460
f 1279 1460 1281
f 1281 1460 1461
f 1281 1461 1283
f 1283 1461 1462
f 1283 1462 1285
f 1285 1462 1463
f 1285 1463 1287
f 1287 1463 1464
f 1287 1464 1289
f 1289 1464 1465
f 1289 1465 1291
f 1291 1465 1466
f 1291 1466 1293
f 1293 1466 1467
f 1293 1467 1295
f 1295 1467 1468
f 1295 1468 1297
f 1297 1468 1469
f 1297 1469 1299
f 1299 1469 1470
f 1299 1470 1301
f 1301 1470 1471
f 1301 1471 1303
f 1303 1471 1472
f 1303 1472 1305
f 1305 1472 1473
f 1305 1473 1307
f 1307 1473 1433
f 1307 1433 1308
f 1701 1679 1644
f 1701 1644 1645
f 1700 1680 1671
f 1700 1671 1672
f 1541 1543 1605
f 1541 1605 1606
f 1679 1681 1643
f 1679 1643 1644
f 1680 1682 1670
f 1680 1670 1671
f 1486 1488 1632
f 1486 1632 1633
f 1543 1545 1604
f 1543 1604 1605
f 1681 1683 1642
f 1681 1642 1643
f 1682 1684 1669
f 1682 1669 1670
f 1488 1490 1631
f 1488 1631 1632
f 1545 1547 1603
f 1545 1603 1604
f 1683 1685 1641
f 1683 1641 1642
f 1684 1686 1668
f 1684 1668 1669
f 1490 1492 1630
f 1490 1630 1631
f 1547 1549 1602
f 1547 1602 1603
f 1685 1687 1640
f 1685 1640 1641
f 1686 1688 1667
f 1686 1667 1668
f 1492 1494 1629
f 1492 1629 1630
f 1549 1551 1601
f 1549 1601 1602
f 1687 1689 1639
f 1687 1639 1640
f 1688 1691 1666
f 1688 1666 1667
f 1494 1496 1628
f 1494 1628 1629
f 1551 1553 1600
f 1551 1600 1601
f 1689 1690 1597
f 1689 1597 1639
f 1691 1692 1665
f 1691 1665 1666
f 1496 1498 1627
f 1496 1627 1628
f 1553 1555 1599
f 1553 1599 1600
f 1692 1693 1664
f 1692 1664 1665
f 1498 1500 1626
f 1498 1626 1627
f 1555 1475 1598
f 1555 1598 1599
f 1693 1694 1662
f 1693 1662 1664
f 1500 1502 1625
f 1500 1625 1626
f 1695 1696 1661
f 1695 1661 1663
f 1502 1504 1624
f 1502 1624 1625
f 1696 1697 1660
f 1696 1660 1661
f 1504 1506 1623
f 1504 1623 1624
f 1697 1698 1659
f 1697 1659 1660
f 1506 1508 1622
f 1506 1622 1623
f 1698 1699 1658
f 1698 1658 1659
f 1187 1596 1556
f 1187 1556 1188
f 1188 1556 1557
f 1188 1557 1189
f 1189 1557 1558
f 1189 1558 1190
f 1190 1558 1559
f 1190 1559 1191
f 1191 1559 1560
f 1191 1560 1192
f 1192 1560 1561
f 1192 1561 1193
f 1193 1561 1562
f 1193 1562 1194
f 1194 1562 1563
f 1194 1563 1195
f 1195 1563 1564
f 1195 1564 1196
f 1196 1564 1565
f 1196 1565 1197
f 1197 1565 1566
f 1197 1566 1198
f 1198 1566 1567
f 1198 1567 1199
f 1199 1567 1568
f 1199 1568 1200
f 1200 1568 1569
f 1200 1569 1201
f 1201 1569 1570
f 1201 1570 1202
f 1202 1570 1571
f 1202 1571 1203
f 1203 1571 1572
f 1203 1572 1204
f 1204 1572 1573
f 1204 1573 1205
f 1205 1573 1574
f 1205 1574 1206
f 1206 1574 1575
f 1206 1575 1207
f 1207 1575 1576
f 1207 1576 1208
f 1208 1576 1577
f 1208 1577 1209
f 1209 1577 1578
f 1209 1578 1210
f 1210 1578 1580
f 1210 1580 1212
f 1211 1579 1581
f 1211 1581 1213
f 1213 1581 1582
f 1213 1582 1214
f 1214 1582 1583
f 1214 1583 1215
f 1215 1583 1584
f 1215 1584 1216
f 1216 1584 1585
f 1216 1585 1217
f 1217 1585 1586
f 1217 1586 1218
f 1218 1586 1587
f 1218 1587 1219
f 1219 1587 1588
f 1219 1588 1220
f 1220 1588 1589
f 1220 1589 1221
f 1221 1589 1590
f 1221 1590 1222
f 1222 1590 1591
f 1222 1591 1223
f 1223 1591 1592
f 1223 1592 1224
f 1224 1592 1593
f 1224 1593 1225
f 1225 1593 1594
f 1225 1594 1226
f 1226 1594 1595
f 1226 1595 1227
f 1227 1595 1596
f 1227 1596 1187
f 1842 1599 1598
f 1842 1598 1802
f 1841 1600 1599
f 1841 1599 1842
f 1840 1601 1600
f 1840 1600 1841
f 1839 1602 1601
f 1839 1601 1840
f 1838 1603 1602
f 1838 1602 1839
f 1837 1604 1603
f 1837 1603 1838
f 1836 1605 1604
f 1836 1604 1837
f 1835 1606 1605
f 1835 1605 1836
f 1834 1607 1606
f 1834 1606 1835
f 1833 1608 1607
f 1833 1607 1834
f 1832 1609 1608
f 1832 1608 1833
f 1831 1610 1609
f 1831 1609 1832
f 1830 1611 1610
f 1830 1610 1831
f 1829 1612 1611
f 1829 1611 1830
f 1828 1613 1612
f 1828 1612 1829
f 1826 1614 1613
f 1826 1613 1828
f 1825 1616 1615
f 1825 1615 1827
f 1824 1617 1616
f 1824 1616 1825
f 1823 1618 1617
f 1823 1617 1824
f 1822 1619 1618
f 1822 1618 1823
f 1821 1620 1619
f 1821 1619 1822
f 1820 1621 1620
f 1820 1620 1821
f 1819 1622 1621
f 1819 1621 1820
f 1818 1623 1622
f 1818 1622 1819
f 1817 1624 1623
f 1817 1623 1818
f 1816 1625 1624
f 1816 1624 1817
f 1815 1626 1625
f 1815 1625 1816
f 1814 1627 1626
f 1814 1626 1815
f 1813 1628 1627
f 1813 1627 1814
f 1812 1629 1628
f 1812 1628 1813
f 1811 1630 1629
f 1811 1629 1812
f 1810 1631 1630
f 1810 1630 1811
f 1809 1632 1631
f 1809 1631 1810
f 1808 1633 1632
f 1808 1632 1809
f 1807 1634 1633
f 1807 1633 1808
f 1806 1635 1634
f 1806 1634 1807
f 1805 1636 1635
f 1805 1635 1806
f 1804 1637 1636
f 1804 1636 1805
f 1803 1638 1637
f 1803 1637 1804
f 1802 1598 1638
f 1802 1638 1803
f 1508 1510 1621
f 1508 1621 1622
f 1484 1486 1633
f 1484 1633 1634
f 1702 1700 1672
f 1702 1672 1673
f 1703 1701 1645
f 1703 1645 1646
f 1539 1541 1606
f 1539 1606 1607
f 1482 1484 1634
f 1482 1634 1635
f 1704 1702 1673
f 1704 1673 1674
f 1705 1703 1646
f 1705 1646 1647
f 1537 1539 1607
f 1537 1607 1608
f 1480 1482 1635
f 1480 1635 1636
f 1706 1704 1674
f 1706 1674 1675
f 1707 1705 1647
f 1707 1647 1648
f 1535 1537 1608
f 1535 1608 1609
f 1478 1480 1636
f 1478 1636 1637
f 1708 1706 1675
f 1708 1675 1676
f 1709 1707 1648
f 1709 1648 1649
f 1533 1535 1609
f 1533 1609 1610
f 1476 1478 1637
f 1476 1637 1638
f 1710 1708 1676
f 1710 1676 1677
f 1711 1709 1649
f 1711 1649 1650
f 1531 1533 1610
f 1531 1610 1611
f 1475 1476 1638
f 1475 1638 1598
f 1712 1710 1677
f 1712 1677 1678
f 1713 1711 1650
f 1713 1650 1651
f 1529 1531 1611
f 1529 1611 1612
f 1690 1712 1678
f 1690 1678 1597
f 1714 1713 1651
f 1714 1651 1652
f 1527 1529 1612
f 1527 1612 1613
f 1715 1714 1652
f 1715 1652 1653
f 1524 1527 1613
f 1524 1613 1614
f 1716 1715 1653
f 1716 1653 1654
f 1521 1525 1615
f 1521 1615 1616
f 1717 1716 1654
f 1717 1654 1655
f 1519 1521 1616
f 1519 1616 1617
f 1718 1717 1655
f 1718 1655 1656
f 1517 1519 1617
f 1517 1617 1618
f 1719 1718 1656
f 1719 1656 1657
f 1515 1517 1618
f 1515 1618 1619
f 1699 1719 1657
f 1699 1657 1658
f 1512 1515 1619
f 1512 1619 1620
f 1575 1574 1719
f 1575 1719 1699
f 1574 1573 1718
f 1574 1718 1719
f 1573 1572 1717
f 1573 1717 1718
f 1572 1571 1716
f 1572 1716 1717
f 1571 1570 1715
f 1571 1715 1716
f 1570 1569 1714
f 1570 1714 1715
f 1569 1568 1713
f 1569 1713 1714
f 1596 1595 1712
f 1596 1712 1690
f 1568 1567 1711
f 1568 1711 1713
f 1595 1594 1710
f 1595 1710 1712
f 1567 1566 1709
f 1567 1709 1711
f 1594 1593 1708
f 1594 1708 1710
f 1566 1565 1707
f 1566 1707 1709
f 1593 1592 1706
f 1593 1706 1708
f 1565 1564 1705
f 1565 1705 1707
f 1592 1591 1704
f 1592 1704 1706
f 1564 1563 1703
f 1564 1703 1705
f 1591 1590 1702
f 1591 1702 1704
f 1563 1562 1701
f 1563 1701 1703
f 1590 1589 1700
f 1590 1700 1702
f 1576 1575 1699
f 1576 1699 1698
f 1577 1576 1698
f 1577 1698 1697
f 1578 1577 1697
f 1578 1697 1696
f 1580 1578 1696
f 1580 1696 1695
f 1581 1579 1694
f 1581 1694 1693
f 1582 1581 1693
f 1582 1693 1692
f 1583 1582 1692
f 1583 1692 1691
f 1556 1596 1690
f 1556 1690 1689
f 1584 1583 1691
f 1584 1691 1688
f 1557 1556 1689
f 1557 1689 1687
f 1585 1584 1688
f 1585 1688 1686
f 1558 1557 1687
f 1558 1687 1685
f 1586 1585 1686
f 1586 1686 1684
f 1559 1558 1685
f 1559 1685 1683
f 1587 1586 1684
f 1587 1684 1682
f 1560 1559 1683
f 1560 1683 1681
f 1588 1587 1682
f 1588 1682 1680
f 1561 1560 1681
f 1561 1681 1679
f 1589 1588 1680
f 1589 1680 1700
f 1562 1561 1679
f 1562 1679 1701
f 1800 1759 1760
f 1800 1760 1801
f 1799 1758 1759
f 1799 1759 1800
f 1798 1740 1758
f 1798 1758 1799
f 1797 1739 1740
f 1797 1740 1798
f 1796 1738 1739
f 1796 1739 1797
f 1795 1737 1738
f 1795 1738 1796
f 1794 1757 1737
f 1794 1737 1795
f 1793 1736 1757
f 1793 1757 1794
f 1792 1735 1736
f 1792 1736 1793
f 1791 1734 1735
f 1791 1735 1792
f 1790 1733 1734
f 1790 1734 1791
f 1789 1732 1733
f 1789 1733 1790
f 1788 1731 1732
f 1788 1732 1789
f 1787 1756 1731
f 1787 1731 1788
f 1786 1730 1756
f 1786 1756 1787
f 1784 1754 1730
f 1784 1730 1786
f 1783 1729 1755
f 1783 1755 1785
f 1782 1728 1729
f 1782 1729 1783
f 1781 1727 1728
f 1781 1728 1782
f 1780 1753 1727
f 1780 1727 1781
f 1779 1726 1753
f 1779 1753 1780
f 1778 1752 1726
f 1778 1726 1779
f 1777 1751 1752
f 1777 1752 1778
f 1776 1750 1751
f 1776 1751 1777
f 1775 1749 1750
f 1775 1750 1776
f 1774 1725 1749
f 1774 1749 1775
f 1773 1748 1725
f 1773 1725 1774
f 1772 1747 1748
f 1772 1748 1773
f 1771 1724 1747
f 1771 1747 1772
f 1770 1723 1724
f 1770 1724 1771
f 1769 1746 1723
f 1769 1723 1770
f 1768 1745 1746
f 1768 1746 1769
f 1767 1722 1745
f 1767 1745 1768
f 1766 1744 1722
f 1766 1722 1767
f 1765 1743 1744
f 1765 1744 1766
f 1764 1721 1743
f 1764 1743 1765
f 1763 1742 1721
f 1763 1721 1764
f 1762 1741 1742
f 1762 1742 1763
f 1761 1720 1741
f 1761 1741 1762
f 1801 1760 1720
f 1801 1720 1761
f 1597 1801 1761
f 1597 1761 1639
f 1639 1761 1762
f 1639 1762 1640
f 1640 1762 1763
f 1640 1763 1641
f 1641 1763 1764
f 1641 1764 1642
f 1642 1764 1765
f 1642 1765 1643
f 1643 1765 1766
f 1643 1766 1644
f 1644 1766 1767
f 1644 1767 1645
f 1645 1767 1768
f 1645 1768 1646
f 1646 1768 1769
f 1646 1769 1647
f 1647 1769 1770
f 1647 1770 1648
f 1648 1770 1771
f 1648 1771 1649
f 1649 1771 1772
f 1649 1772 1650
f 1650 1772 1773
f 1650 1773 1651
f 1651 1773 1774
f 1651 1774 1652
f 1652 1774 1775
f 1652 1775 1653
f 1653 1775 1776
f 1653 1776 1654
f 1654 1776 1777
f 1654 1777 1655
f 1655 1777 1778
f 1655 1778 1656
f 1656 1778 1779
f 1656 1779 1657
f 1657 1779 1780
f 1657 1780 1658
f 1658 1780 1781
f 1658 1781 1659
f 1659 1781 1782
f 1659 1782 1660
f 1660 1782 1783
f 1660 1783 1661
f 1661 1783 1785
f 1661 1785 1663
f 1662 1784 1786
f 1662 1786 1664
f 1664 1786 1787
f 1664 1787 1665
f 1665 1787 1788
f 1665 1788 1666
f 1666 1788 1789
f 1666 1789 1667
f 1667 1789 1790
f 1667 1790 1668
f 1668 1790 1791
f 1668 1791 1669
f 1669 1791 1792
f 1669 1792 1670
f 1670 1792 1793
f 1670 1793 1671
f 1671 1793 1794
f 1671 1794 1672
f 1672 1794 1795
f 1672 1795 1673
f 1673 1795 1796
f 1673 1796 1674
f 1674 1796 1797
f 1674 1797 1675
f 1675 1797 1798
f 1675 1798 1676
f 1676 1798 1799
f 1676 1799 1677
f 1677 1799 1800
f 1677 1800 1678
f 1678 1800 1801
f 1678 1801 1597
f 1760 1802 1803
f 1760 1803 1720
f 1720 1803 1804
f 1720 1804 1741
f 1741 1804 1805
f 1741 1805 1742
f 1742 1805 1806
f 1742 1806 1721
f 1721 1806 1807
f 1721 1807 1743
f 1743 1807 1808
f 1743 1808 1744
f 1744 1808 1809
f 1744 1809 1722
f 1722 1809 1810
f 1722 1810 1745
f 1745 1810 1811
f 1745 1811 1746
f 1746 1811 1812
f 1746 1812 1723
f 1723 1812 1813
f 1723 1813 1724
f 1724 1813 1814
f 1724 1814 1747
f 1747 1814 1815
f 1747 1815 1748
f 1748 1815 1816
f 1748 1816 1725
f 1725 1816 1817
f 1725 1817 1749
f 1749 1817 1818
f 1749 1818 1750
f 1750 1818 1819
f 1750 1819 1751
f 1751 1819 1820
f 1751 1820 1752
f 1752 1820 1821
f 1752 1821 1726
f 1726 1821 1822
f 1726 1822 1753
f 1753 1822 1823
f 1753 1823 1727
f 1727 1823 1824
f 1727 1824 1728
f 1728 1824 1825
f 1728 1825 1729
f 1729 1825 1827
f 1729 1827 1755
f 1754 1826 1828
f 1754 1828 1730
f 1730 1828 1829
f 1730 1829 1756
f 1756 1829 1830
f 1756 1830 1731
f 1731 1830 1831
f 1731 1831 1732
f 1732 1831 1832
f 1732 1832 1733
f 1733 1832 1833
f 1733 1833 1734
f 1734 1833 1834
f 1734 1834 1735
f 1735 1834 1835
f 1735 1835 1736
f 1736 1835 1836
f 1736 1836 1757
f 1757 1836 1837
f 1757 1837 1737
f 1737 1837 1838
f 1737 1838 1738
f 1738 1838 1839
f 1738 1839 1739
f 1739 1839 1840
f 1739 1840 1740
f 1740 1840 1841
f 1740 1841 1758
f 1758 1841 1842
f 1758 1842 1759
f 1759 1842 1802
f 1759 1802 1760
f 940 1843 1844
f 940 1844 900
f 900 1844 1845
f 900 1845 901
f 901 1845 1846
f 901 1846 902
f 902 1846 1847
f 902 1847 903
f 903 1847 1848
f 903 1848 904
f 904 1848 1849
f 904 1849 905
f 905 1849 1850
f 905 1850 906
f 906 1850 1851
f 906 1851 907
f 907 1851 1852
f 907 1852 908
f 908 1852 1853
f 908 1853 909
f 909 1853 1854
f 909 1854 910
f 910 1854 1855
f 910 1855 911
f 911 1855 1856
f 911 1856 912
f 912 1856 1857
f 912 1857 913
f 913 1857 1858
f 913 1858 914
f 914 1858 1859
f 914 1859 915
f 915 1859 1860
f 915 1860 916
f 916 1860 1861
f 916 1861 917
f 917 1861 1862
f 917 1862 918
f 918 1862 1863
f 918 1863 919
f 919 1863 1864
f 919 1864 920
f 920 1864 1865
f 920 1865 921
f 921 1865 1866
f 921 1866 922
f 922 1866 1868
f 922 1868 924
f 923 1867 1869
f 923 1869 925
f 925 1869 1870
f 925 1870 926
f 926 1870 1871
f 926 1871 927
f 927 1871 1872
f 927 1872 928
f 928 1872 1873
f 928 1873 929
f 929 1873 1874
f 929 1874 930
f 930 1874 1875
f 930 1875 931
f 931 1875 1876
f 931 1876 932
f 932 1876 1877
f 932 1877 933
f 933 1877 1878
f 933 1878 934
f 934 1878 1879
f 934 1879 935
f 935 1879 1880
f 935 1880 936
f 936 1880 1881
f 936 1881 937
f 937 1881 1882
f 937 1882 938
f 938 1882 1883
f 938 1883 939
f 939 1883 1843
f 939 1843 940
f 1432 1306 1309
f 1432 1309 1392
f 1510 1512 1620
f 1510 1620 1621
f 246 248 1884
f 246 1884 1887
f 248 250 1888
f 248 1888 1884
f 250 252 1890
f 250 1890 1888
f 252 254 1892
f 252 1892 1890
f 254 256 1894
f 254 1894 1892
f 256 258 1896
f 256 1896 1894
f 258 260 1898
f 258 1898 1896
f 260 262 1900
f 260 1900 1898
f 262 264 1902
f 262 1902 1900
f 264 266 1904
f 264 1904 1902
f 266 268 1906
f 266 1906 1904
f 268 270 1908
f 268 1908 1906
f 270 272 1910
f 270 1910 1908
f 272 274 1912
f 272 1912 1910
f 274 276 1914
f 274 1914 1912
f 276 278 1916
f 276 1916 1914
f 278 280 1918
f 278 1918 1916
f 280 282 1920
f 280 1920 1918
f 282 284 1922
f 282 1922 1920
f 284 286 1925
f 284 1925 1922
f 286 287 1927
f 286 1927 1925
f 287 289 1929
f 287 1929 1927
f 289 291 1931
f 289 1931 1929
f 291 293 1934
f 291 1934 1931
f 293 296 1936
f 293 1936 1934
f 296 298 1938
f 296 1938 1936
f 298 300 1940
f 298 1940 1938
f 300 302 1942
f 300 1942 1940
f 302 304 1944
f 302 1944 1942
f 304 306 1946
f 304 1946 1944
f 306 308 1948
f 306 1948 1946
f 308 310 1950
f 308 1950 1948
f 310 312 1952
f 310 1952 1950
f 312 314 1954
f 312 1954 1952
f 314 316 1956
f 314 1956 1954
f 316 318 1958
f 316 1958 1956
f 318 320 1960
f 318 1960 1958
f 320 322 1962
f 320 1962 1960
f 322 324 1964
f 322 1964 1962
f 324 246 1887
f 324 1887 1964
f 303 301 2022
f 303 2022 2024
f 275 273 1994
f 275 1994 1996
f 249 247 1966
f 249 1966 1970
f 305 303 2024
f 305 2024 2026
f 277 275 1996
f 277 1996 1998
f 251 249 1970
f 251 1970 1972
f 307 305 2026
f 307 2026 2028
f 279 277 1998
f 279 1998 2000
f 253 251 1972
f 253 1972 1974
f 309 307 2028
f 309 2028 2030
f 281 279 2000
f 281 2000 2002
f 255 253 1974
f 255 1974 1976
f 311 309 2030
f 311 2030 2032
f 283 281 2002
f 283 2002 2004
f 257 255 1976
f 257 1976 1978
f 313 311 2032
f 313 2032 2034
f 285 283 2004
f 285 2004 2006
f 259 257 1978
f 259 1978 1980
f 315 313 2034
f 315 2034 2036
f 288 285 2006
f 288 2006 2009
f 261 259 1980
f 261 1980 1982
f 317 315 2036
f 317 2036 2038
f 290 288 2009
f 290 2009 2011
f 263 261 1982
f 263 1982 1984
f 319 317 2038
f 319 2038 2040
f 292 290 2011
f 292 2011 2013
f 265 263 1984
f 265 1984 1986
f 321 319 2040
f 321 2040 2042
f 294 292 2013
f 294 2013 2015
f 267 265 1986
f 267 1986 1988
f 323 321 2042
f 323 2042 2044
f 297 295 2016
f 297 2016 2018
f 269 267 1988
f 269 1988 1990
f 325 323 2044
f 325 2044 2046
f 299 297 2018
f 299 2018 2020
f 271 269 1990
f 271 1990 1992
f 245 325 2046
f 245 2046 1968
f 301 299 2020
f 301 2020 2022
f 273 271 1992
f 273 1992 1994
f 247 245 1968
f 247 1968 1966
f 1965 1967 1969
f 1965 1971 1967
f 1965 1973 1971
f 1965 1975 1973
f 1965 1977 1975
f 1965 1979 1977
f 1965 1981 1979
f 1965 1983 1981
f 1965 1985 1983
f 1965 1987 1985
f 1965 1989 1987
f 1965 1991 1989
f 1965 1993 1991
f 1965 1995 1993
f 1965 1997 1995
f 1965 1999 1997
f 1965 2001 1999
f 1965 2003 2001
f 1965 2005 2003
f 1965 2007 2005
f 1965 2008 2007
f 1965 2010 2008
f 1965 2012 2010
f 1965 2014 2012
f 1965 2017 2014
f 1965 2019 2017
f 1965 2021 2019
f 1965 2023 2021
f 1965 2025 2023
f 1965 2027 2025
f 1965 2029 2027
f 1965 2031 2029
f 1965 2033 2031
f 1965 2035 2033
f 1965 2037 2035
f 1965 2039 2037
f 1965 2041 2039
f 1965 2043 2041
f 1965 2045 2043
f 1965 1969 2045
f 900 1099 1067
f 900 1067 940
f 2068 2058 2053
f 2068 2053 2065
f 2158 2066 2055
f 2158 2055 2157
f 2159 2074 2066
f 2159 2066 2158
f 2146 2072 2067
f 2146 2067 2147
f 2188 2073 2065
f 2188 2065 2187
f 2202 2174 2088
f 2202 2088 2201
f 2169 2070 2073
f 2169 2073 2173
f 2184 2172 2074
f 2184 2074 2159
f 2166 2171 2072
f 2166 2072 2146
f 2196 2173 2073
f 2196 2073 2188
f 2087 2093 2105
f 2087 2105 2107
f 2197 2080 2083
f 2197 2083 2199
f 2199 2083 2090
f 2199 2090 2200
f 2151 2144 2107
f 2151 2107 2105
f 2178 2177 2099
f 2178 2099 2103
f 2182 2178 2103
f 2182 2103 2154
f 2063 2091 2084
f 2063 2084 2056
f 2156 2162 2137
f 2156 2137 2050
f 2048 2056 2084
f 2048 2084 2082
f 2167 2175 2091
f 2167 2091 2063
f 2163 2164 2139
f 2163 2139 2138
f 2104 2153 2151
f 2104 2151 2105
f 2183 2181 2155
f 2183 2155 2165
f 2096 2104 2105
f 2096 2105 2093
f 2073 2070 2068
f 2073 2068 2065
f 2116 2110 2113
f 2120 2110 2118
f 2122 2110 2109
f 2126 2110 2124
f 2118 2110 2116
f 2109 2110 2120
f 2124 2110 2122
f 2114 2110 2126
f 2117 2131 2132
f 2117 2132 2119
f 2119 2132 2127
f 2119 2127 2108
f 2115 2130 2131
f 2115 2131 2117
f 2125 2135 2129
f 2125 2129 2112
f 2111 2128 2130
f 2111 2130 2115
f 2123 2134 2135
f 2123 2135 2125
f 2108 2127 2133
f 2108 2133 2121
f 2121 2133 2134
f 2121 2134 2123
f 2187 2186 2055
f 2187 2055 2066
f 2102 2148 2050
f 2102 2050 2137
f 2101 2136 2138
f 2101 2138 2100
f 2100 2138 2139
f 2100 2139 2097
f 2180 2179 2140
f 2180 2140 2094
f 2059 2106 2143
f 2059 2143 2052
f 2190 2185 2052
f 2190 2052 2143
f 2191 2144 2151
f 2191 2151 2192
f 2192 2151 2153
f 2192 2153 2193
f 2195 2182 2154
f 2195 2154 2194
f 2161 2142 2150
f 2161 2150 2163
f 2067 2051 2149
f 2067 2149 2147
f 2136 2161 2163
f 2136 2163 2138
f 2179 2183 2165
f 2179 2165 2140
f 2150 2152 2164
f 2150 2164 2163
f 2054 2141 2162
f 2054 2162 2156
f 2171 2184 2159
f 2171 2159 2072
f 2072 2159 2158
f 2072 2158 2067
f 2067 2158 2157
f 2067 2157 2051
f 2077 2160 2184
f 2077 2184 2171
f 2139 2164 2183
f 2139 2183 2179
f 2193 2153 2182
f 2193 2182 2195
f 2097 2139 2179
f 2097 2179 2180
f 2164 2152 2181
f 2164 2181 2183
f 2061 2089 2175
f 2061 2175 2167
f 2086 2106 2059
f 2086 2059 2198
f 2153 2104 2178
f 2153 2178 2182
f 2104 2096 2177
f 2104 2177 2178
f 2189 2079 2173
f 2189 2173 2196
f 2145 2077 2171
f 2145 2171 2166
f 2160 2078 2172
f 2160 2172 2184
f 2075 2169 2173
f 2075 2173 2079
f 2200 2090 2174
f 2200 2174 2202
f 2078 2189 2196
f 2078 2196 2172
f 2152 2193 2195
f 2152 2195 2181
f 2181 2195 2194
f 2181 2194 2155
f 2150 2192 2193
f 2150 2193 2152
f 2142 2191 2192
f 2142 2192 2150
f 2141 2054 2185
f 2141 2185 2190
f 2065 2053 2186
f 2065 2186 2187
f 2172 2196 2188
f 2172 2188 2074
f 2074 2188 2187
f 2074 2187 2066
f 2095 2200 2202
f 2095 2202 2176
f 2062 2168 2170
f 2062 2170 2076
f 2168 2064 2071
f 2168 2071 2170
f 2092 2199 2200
f 2092 2200 2095
f 2085 2197 2199
f 2085 2199 2092
f 2047 2081 2198
f 2047 2198 2059
f 2064 2057 2069
f 2064 2069 2071
f 2176 2202 2201
f 2176 2201 2098
f 2049 2060 2069
f 2049 2069 2057
f 2222 2219 2209
f 2222 2209 2214
f 2297 2296 2211
f 2297 2211 2220
f 2298 2297 2220
f 2298 2220 2228
f 2287 2288 2221
f 2287 2221 2226
f 2325 2324 2219
f 2325 2219 2227
f 2336 2201 2088
f 2336 2088 2311
f 2306 2310 2227
f 2306 2227 2224
f 2321 2298 2228
f 2321 2228 2309
f 2303 2287 2226
f 2303 2226 2308
f 2331 2325 2227
f 2331 2227 2310
f 2236 2250 2248
f 2236 2248 2240
f 2332 2334 2232
f 2332 2232 2229
f 2334 2335 2237
f 2334 2237 2232
f 2292 2248 2250
f 2292 2250 2286
f 2315 2103 2099
f 2315 2099 2314
f 2319 2154 2103
f 2319 2103 2315
f 2217 2212 2233
f 2217 2233 2238
f 2295 2206 2280
f 2295 2280 2300
f 2204 2231 2233
f 2204 2233 2212
f 2304 2217 2238
f 2304 2238 2312
f 2301 2281 2282
f 2301 2282 2302
f 2247 2248 2292
f 2247 2292 2294
f 2320 2165 2155
f 2320 2155 2318
f 2242 2240 2248
f 2242 2248 2247
f 2227 2219 2222
f 2227 2222 2224
f 2257 2255 2253
f 2261 2259 2253
f 2263 2252 2253
f 2268 2265 2253
f 2259 2257 2253
f 2252 2261 2253
f 2265 2263 2253
f 2255 2269 2253
f 2258 2260 2274
f 2258 2274 2273
f 2260 2251 2270
f 2260 2270 2274
f 2256 2258 2273
f 2256 2273 2272
f 2267 2254 2271
f 2267 2271 2278
f 2254 2256 2272
f 2254 2272 2271
f 2264 2266 2277
f 2264 2277 2276
f 2251 2262 2275
f 2251 2275 2270
f 2262 2264 2276
f 2262 2276 2275
f 2324 2220 2211
f 2324 2211 2323
f 2246 2280 2206
f 2246 2206 2289
f 2245 2244 2281
f 2245 2281 2279
f 2244 2243 2282
f 2244 2282 2281
f 2317 2094 2140
f 2317 2140 2316
f 2215 2208 2285
f 2215 2285 2249
f 2326 2285 2208
f 2326 2208 2322
f 2327 2328 2292
f 2327 2292 2286
f 2328 2329 2294
f 2328 2294 2292
f 2330 2194 2154
f 2330 2154 2319
f 2299 2301 2291
f 2299 2291 2284
f 2221 2288 2290
f 2221 2290 2207
f 2279 2281 2301
f 2279 2301 2299
f 2316 2140 2165
f 2316 2165 2320
f 2291 2301 2302
f 2291 2302 2293
f 2210 2295 2300
f 2210 2300 2283
f 2308 2226 2298
f 2308 2298 2321
f 2226 2221 2297
f 2226 2297 2298
f 2221 2207 2296
f 2221 2296 2297
f 2077 2308 2321
f 2077 2321 2160
f 2282 2316 2320
f 2282 2320 2302
f 2329 2330 2319
f 2329 2319 2294
f 2243 2317 2316
f 2243 2316 2282
f 2302 2320 2318
f 2302 2318 2293
f 2061 2304 2312
f 2061 2312 2089
f 2235 2333 2215
f 2235 2215 2249
f 2294 2319 2315
f 2294 2315 2247
f 2247 2315 2314
f 2247 2314 2242
f 2189 2331 2310
f 2189 2310 2079
f 2145 2303 2308
f 2145 2308 2077
f 2160 2321 2309
f 2160 2309 2078
f 2075 2079 2310
f 2075 2310 2306
f 2335 2336 2311
f 2335 2311 2237
f 2078 2309 2331
f 2078 2331 2189
f 2293 2318 2330
f 2293 2330 2329
f 2318 2155 2194
f 2318 2194 2330
f 2291 2293 2329
f 2291 2329 2328
f 2284 2291 2328
f 2284 2328 2327
f 2283 2326 2322
f 2283 2322 2210
f 2219 2324 2323
f 2219 2323 2209
f 2309 2228 2325
f 2309 2325 2331
f 2228 2220 2324
f 2228 2324 2325
f 2241 2313 2336
f 2241 2336 2335
f 2062 2076 2307
f 2062 2307 2305
f 2305 2307 2225
f 2305 2225 2218
f 2239 2241 2335
f 2239 2335 2334
f 2234 2239 2334
f 2234 2334 2332
f 2203 2215 2333
f 2203 2333 2230
f 2218 2225 2223
f 2218 2223 2213
f 2313 2098 2201
f 2313 2201 2336
f 2205 2213 2223
f 2205 2223 2216
f 2358 2355 2343
f 2358 2343 2348
f 2438 2437 2345
f 2438 2345 2356
f 2439 2438 2356
f 2439 2356 2364
f 2146 2147 2357
f 2146 2357 2362
f 2466 2465 2355
f 2466 2355 2363
f 2480 2479 2378
f 2480 2378 2453
f 2448 2452 2363
f 2448 2363 2360
f 2462 2439 2364
f 2462 2364 2451
f 2166 2146 2362
f 2166 2362 2450
f 2474 2466 2363
f 2474 2363 2452
f 2377 2392 2390
f 2377 2390 2383
f 2475 2477 2373
f 2475 2373 2370
f 2477 2478 2380
f 2477 2380 2373
f 2431 2390 2392
f 2431 2392 2429
f 2457 2388 2387
f 2457 2387 2456
f 2460 2434 2388
f 2460 2388 2457
f 2353 2346 2374
f 2353 2374 2381
f 2436 2340 2422
f 2436 2422 2442
f 2338 2372 2374
f 2338 2374 2346
f 2446 2353 2381
f 2446 2381 2454
f 2443 2423 2424
f 2443 2424 2444
f 2389 2390 2431
f 2389 2431 2433
f 2461 2445 2435
f 2461 2435 2459
f 2385 2383 2390
f 2385 2390 2389
f 2363 2355 2358
f 2363 2358 2360
f 2399 2397 2395
f 2404 2401 2395
f 2407 2394 2395
f 2411 2409 2395
f 2401 2399 2395
f 2394 2405 2395
f 2409 2407 2395
f 2397 2411 2395
f 2400 2402 2416
f 2400 2416 2415
f 2403 2393 2412
f 2403 2412 2417
f 2398 2400 2415
f 2398 2415 2414
f 2410 2396 2413
f 2410 2413 2420
f 2396 2398 2414
f 2396 2414 2413
f 2408 2410 2420
f 2408 2420 2419
f 2393 2406 2418
f 2393 2418 2412
f 2406 2408 2419
f 2406 2419 2418
f 2465 2356 2345
f 2465 2345 2464
f 2102 2422 2340
f 2102 2340 2148
f 2101 2100 2423
f 2101 2423 2421
f 2100 2097 2424
f 2100 2424 2423
f 2180 2094 2425
f 2180 2425 2458
f 2349 2342 2428
f 2349 2428 2391
f 2468 2428 2342
f 2468 2342 2463
f 2469 2470 2431
f 2469 2431 2429
f 2470 2471 2433
f 2470 2433 2431
f 2473 2472 2434
f 2473 2434 2460
f 2441 2443 2430
f 2441 2430 2427
f 2357 2147 2149
f 2357 2149 2341
f 2421 2423 2443
f 2421 2443 2441
f 2458 2425 2445
f 2458 2445 2461
f 2430 2443 2444
f 2430 2444 2432
f 2344 2436 2442
f 2344 2442 2426
f 2450 2362 2439
f 2450 2439 2462
f 2362 2357 2438
f 2362 2438 2439
f 2357 2341 2437
f 2357 2437 2438
f 2367 2450 2462
f 2367 2462 2440
f 2424 2458 2461
f 2424 2461 2444
f 2471 2473 2460
f 2471 2460 2433
f 2097 2180 2458
f 2097 2458 2424
f 2444 2461 2459
f 2444 2459 2432
f 2351 2446 2454
f 2351 2454 2379
f 2376 2476 2349
f 2376 2349 2391
f 2433 2460 2457
f 2433 2457 2389
f 2389 2457 2456
f 2389 2456 2385
f 2467 2474 2452
f 2467 2452 2369
f 2145 2166 2450
f 2145 2450 2367
f 2440 2462 2451
f 2440 2451 2368
f 2365 2369 2452
f 2365 2452 2448
f 2478 2480 2453
f 2478 2453 2380
f 2368 2451 2474
f 2368 2474 2467
f 2432 2459 2473
f 2432 2473 2471
f 2459 2435 2472
f 2459 2472 2473
f 2430 2432 2471
f 2430 2471 2470
f 2427 2430 2470
f 2427 2470 2469
f 2426 2468 2463
f 2426 2463 2344
f 2355 2465 2464
f 2355 2464 2343
f 2451 2364 2466
f 2451 2466 2474
f 2364 2356 2465
f 2364 2465 2466
f 2384 2455 2480
f 2384 2480 2478
f 2352 2366 2449
f 2352 2449 2447
f 2447 2449 2361
f 2447 2361 2354
f 2382 2384 2478
f 2382 2478 2477
f 2375 2382 2477
f 2375 2477 2475
f 2337 2349 2476
f 2337 2476 2371
f 2354 2361 2359
f 2354 2359 2347
f 2455 2386 2479
f 2455 2479 2480
f 2339 2347 2359
f 2339 2359 2350
f 2500 2492 2487
f 2500 2487 2497
f 2567 2498 2489
f 2567 2489 2566
f 2568 2506 2498
f 2568 2498 2567
f 2287 2504 2499
f 2287 2499 2288
f 2593 2505 2497
f 2593 2497 2592
f 2604 2580 2378
f 2604 2378 2479
f 2575 2502 2505
f 2575 2505 2579
f 2589 2578 2506
f 2589 2506 2568
f 2303 2577 2504
f 2303 2504 2287
f 2599 2579 2505
f 2599 2505 2593
f 2514 2518 2522
f 2514 2522 2524
f 2600 2507 2510
f 2600 2510 2602
f 2602 2510 2515
f 2602 2515 2603
f 2562 2560 2524
f 2562 2524 2522
f 2584 2583 2387
f 2584 2387 2388
f 2587 2584 2388
f 2587 2388 2434
f 2495 2516 2511
f 2495 2511 2490
f 2565 2570 2554
f 2565 2554 2484
f 2482 2490 2511
f 2482 2511 2509
f 2573 2581 2516
f 2573 2516 2495
f 2571 2572 2556
f 2571 2556 2555
f 2521 2564 2562
f 2521 2562 2522
f 2588 2586 2435
f 2588 2435 2445
f 2520 2521 2522
f 2520 2522 2518
f 2505 2502 2500
f 2505 2500 2497
f 2533 2529 2531
f 2537 2529 2535
f 2539 2529 2527
f 2543 2529 2541
f 2535 2529 2533
f 2528 2529 2537
f 2541 2529 2539
f 2531 2529 2543
f 2534 2548 2549
f 2534 2549 2536
f 2536 2549 2545
f 2536 2545 2526
f 2532 2547 2548
f 2532 2548 2534
f 2542 2552 2546
f 2542 2546 2530
f 2530 2546 2547
f 2530 2547 2532
f 2540 2551 2552
f 2540 2552 2542
f 2525 2544 2550
f 2525 2550 2538
f 2538 2550 2551
f 2538 2551 2540
f 2592 2591 2489
f 2592 2489 2498
f 2246 2289 2484
f 2246 2484 2554
f 2245 2553 2555
f 2245 2555 2244
f 2244 2555 2556
f 2244 2556 2243
f 2317 2585 2425
f 2317 2425 2094
f 2493 2523 2559
f 2493 2559 2486
f 2594 2590 2486
f 2594 2486 2559
f 2595 2560 2562
f 2595 2562 2596
f 2596 2562 2564
f 2596 2564 2597
f 2598 2587 2434
f 2598 2434 2472
f 2569 2558 2561
f 2569 2561 2571
f 2499 2485 2290
f 2499 2290 2288
f 2553 2569 2571
f 2553 2571 2555
f 2585 2588 2445
f 2585 2445 2425
f 2561 2563 2572
f 2561 2572 2571
f 2488 2557 2570
f 2488 2570 2565
f 2577 2589 2568
f 2577 2568 2504
f 2504 2568 2567
f 2504 2567 2499
f 2499 2567 2566
f 2499 2566 2485
f 2367 2440 2589
f 2367 2589 2577
f 2556 2572 2588
f 2556 2588 2585
f 2597 2564 2587
f 2597 2587 2598
f 2243 2556 2585
f 2243 2585 2317
f 2572 2563 2586
f 2572 2586 2588
f 2351 2379 2581
f 2351 2581 2573
f 2513 2523 2493
f 2513 2493 2601
f 2564 2521 2584
f 2564 2584 2587
f 2521 2520 2583
f 2521 2583 2584
f 2467 2369 2579
f 2467 2579 2599
f 2145 2367 2577
f 2145 2577 2303
f 2440 2368 2578
f 2440 2578 2589
f 2365 2575 2579
f 2365 2579 2369
f 2603 2515 2580
f 2603 2580 2604
f 2368 2467 2599
f 2368 2599 2578
f 2563 2597 2598
f 2563 2598 2586
f 2586 2598 2472
f 2586 2472 2435
f 2561 2596 2597
f 2561 2597 2563
f 2558 2595 2596
f 2558 2596 2561
f 2557 2488 2590
f 2557 2590 2594
f 2497 2487 2591
f 2497 2591 2592
f 2578 2599 2593
f 2578 2593 2506
f 2506 2593 2592
f 2506 2592 2498
f 2519 2603 2604
f 2519 2604 2582
f 2352 2574 2576
f 2352 2576 2366
f 2574 2496 2503
f 2574 2503 2576
f 2517 2602 2603
f 2517 2603 2519
f 2512 2600 2602
f 2512 2602 2517
f 2481 2508 2601
f 2481 2601 2493
f 2496 2491 2501
f 2496 2501 2503
f 2582 2604 2479
f 2582 2479 2386
f 2483 2494 2501
f 2483 2501 2491
f 2627 2623 2610
f 2627 2610 2618
f 2707 2705 2612
f 2707 2612 2624
f 2708 2707 2624
f 2708 2624 2632
f 2695 2696 2625
f 2695 2625 2630
f 2737 2736 2623
f 2737 2623 2631
f 2751 2750 2647
f 2751 2647 2724
f 2719 2722 2631
f 2719 2631 2629
f 2733 2708 2632
f 2733 2632 2721
f 2715 2695 2630
f 2715 2630 2720
f 2745 2737 2631
f 2745 2631 2722
f 2643 2664 2663
f 2643 2663 2650
f 2747 2748 2642
f 2747 2642 2640
f 2748 2749 2649
f 2748 2649 2642
f 2700 2663 2664
f 2700 2664 2692
f 2727 2661 2656
f 2727 2656 2725
f 2731 2703 2661
f 2731 2661 2727
f 2622 2615 2641
f 2622 2641 2648
f 2706 2609 2685
f 2706 2685 2710
f 2606 2638 2641
f 2606 2641 2615
f 2717 2622 2648
f 2717 2648 2723
f 2712 2687 2688
f 2712 2688 2713
f 2662 2663 2700
f 2662 2700 2702
f 2732 2714 2704
f 2732 2704 2730
f 2653 2650 2663
f 2653 2663 2662
f 2631 2623 2627
f 2631 2627 2629
f 2670 2669 2667
f 2672 2671 2667
f 2673 2666 2667
f 2675 2674 2667
f 2671 2670 2667
f 2666 2672 2667
f 2674 2673 2667
f 2668 2675 2667
f 2671 2672 2681
f 2671 2681 2680
f 2672 2666 2676
f 2672 2676 2681
f 2670 2671 2680
f 2670 2680 2679
f 2675 2668 2677
f 2675 2677 2684
f 2669 2670 2679
f 2669 2679 2678
f 2674 2675 2684
f 2674 2684 2683
f 2666 2673 2682
f 2666 2682 2676
f 2673 2674 2683
f 2673 2683 2682
f 2736 2624 2612
f 2736 2612 2734
f 2659 2685 2609
f 2659 2609 2698
f 2660 2658 2687
f 2660 2687 2686
f 2658 2655 2688
f 2658 2688 2687
f 2729 2652 2689
f 2729 2689 2728
f 2617 2611 2693
f 2617 2693 2665
f 2740 2693 2611
f 2740 2611 2735
f 2739 2741 2700
f 2739 2700 2692
f 2741 2742 2702
f 2741 2702 2700
f 2744 2743 2703
f 2744 2703 2731
f 2711 2712 2699
f 2711 2699 2690
f 2625 2696 2697
f 2625 2697 2608
f 2686 2687 2712
f 2686 2712 2711
f 2728 2689 2714
f 2728 2714 2732
f 2699 2712 2713
f 2699 2713 2701
f 2613 2706 2710
f 2613 2710 2691
f 2720 2630 2708
f 2720 2708 2733
f 2630 2625 2707
f 2630 2707 2708
f 2625 2608 2705
f 2625 2705 2707
f 2635 2720 2733
f 2635 2733 2709
f 2688 2728 2732
f 2688 2732 2713
f 2742 2744 2731
f 2742 2731 2702
f 2655 2729 2728
f 2655 2728 2688
f 2713 2732 2730
f 2713 2730 2701
f 2620 2717 2723
f 2620 2723 2646
f 2644 2746 2617
f 2644 2617 2665
f 2702 2731 2727
f 2702 2727 2662
f 2662 2727 2725
f 2662 2725 2653
f 2738 2745 2722
f 2738 2722 2637
f 2694 2715 2720
f 2694 2720 2635
f 2709 2733 2721
f 2709 2721 2636
f 2634 2637 2722
f 2634 2722 2719
f 2749 2751 2724
f 2749 2724 2649
f 2636 2721 2745
f 2636 2745 2738
f 2701 2730 2744
f 2701 2744 2742
f 2730 2704 2743
f 2730 2743 2744
f 2699 2701 2742
f 2699 2742 2741
f 2690 2699 2741
f 2690 2741 2739
f 2691 2740 2735
f 2691 2735 2613
f 2623 2736 2734
f 2623 2734 2610
f 2721 2632 2737
f 2721 2737 2745
f 2632 2624 2736
f 2632 2736 2737
f 2654 2726 2751
f 2654 2751 2749
f 2619 2633 2718
f 2619 2718 2716
f 2716 2718 2628
f 2716 2628 2621
f 2651 2654 2749
f 2651 2749 2748
f 2645 2651 2748
f 2645 2748 2747
f 2607 2617 2746
f 2607 2746 2639
f 2621 2628 2626
f 2621 2626 2614
f 2726 2657 2750
f 2726 2750 2751
f 2605 2614 2626
f 2605 2626 2616
f 2772 2765 2757
f 2772 2757 2768
f 2837 2769 2759
f 2837 2759 2835
f 2838 2777 2769
f 2838 2769 2837
f 2827 2775 2770
f 2827 2770 2828
f 2865 2776 2768
f 2865 2768 2864
f 2876 2852 2647
f 2876 2647 2750
f 2847 2774 2776
f 2847 2776 2850
f 2861 2849 2777
f 2861 2777 2838
f 2843 2848 2775
f 2843 2775 2827
f 2871 2850 2776
f 2871 2776 2865
f 2783 2788 2797
f 2783 2797 2798
f 2873 2780 2782
f 2873 2782 2874
f 2874 2782 2787
f 2874 2787 2875
f 2832 2825 2798
f 2832 2798 2797
f 2855 2853 2656
f 2855 2656 2661
f 2859 2855 2661
f 2859 2661 2703
f 2767 2786 2781
f 2767 2781 2762
f 2836 2839 2819
f 2836 2819 2756
f 2753 2762 2781
f 2753 2781 2778
f 2845 2851 2786
f 2845 2786 2767
f 2841 2842 2822
f 2841 2822 2821
f 2796 2834 2832
f 2796 2832 2797
f 2860 2858 2704
f 2860 2704 2714
f 2790 2796 2797
f 2790 2797 2788
f 2776 2774 2772
f 2776 2772 2768
f 2803 2801 2802
f 2805 2801 2804
f 2806 2801 2800
f 2809 2801 2807
f 2804 2801 2803
f 2800 2801 2805
f 2807 2801 2806
f 2802 2801 2808
f 2804 2813 2814
f 2804 2814 2805
f 2805 2814 2810
f 2805 2810 2800
f 2803 2812 2813
f 2803 2813 2804
f 2808 2817 2811
f 2808 2811 2802
f 2802 2811 2812
f 2802 2812 2803
f 2807 2816 2818
f 2807 2818 2809
f 2800 2810 2815
f 2800 2815 2806
f 2806 2815 2816
f 2806 2816 2807
f 2864 2862 2759
f 2864 2759 2769
f 2794 2830 2756
f 2794 2756 2819
f 2795 2820 2821
f 2795 2821 2793
f 2793 2821 2822
f 2793 2822 2792
f 2857 2856 2689
f 2857 2689 2652
f 2764 2799 2826
f 2764 2826 2758
f 2867 2863 2758
f 2867 2758 2826
f 2866 2825 2832
f 2866 2832 2868
f 2868 2832 2834
f 2868 2834 2869
f 2870 2859 2703
f 2870 2703 2743
f 2840 2823 2831
f 2840 2831 2841
f 2770 2755 2829
f 2770 2829 2828
f 2820 2840 2841
f 2820 2841 2821
f 2856 2860 2714
f 2856 2714 2689
f 2831 2833 2842
f 2831 2842 2841
f 2760 2824 2839
f 2760 2839 2836
f 2848 2861 2838
f 2848 2838 2775
f 2775 2838 2837
f 2775 2837 2770
f 2770 2837 2835
f 2770 2835 2755
f 2635 2709 2861
f 2635 2861 2848
f 2822 2842 2860
f 2822 2860 2856
f 2869 2834 2859
f 2869 2859 2870
f 2792 2822 2856
f 2792 2856 2857
f 2842 2833 2858
f 2842 2858 2860
f 2620 2646 2851
f 2620 2851 2845
f 2784 2799 2764
f 2784 2764 2872
f 2834 2796 2855
f 2834 2855 2859
f 2796 2790 2853
f 2796 2853 2855
f 2738 2637 2850
f 2738 2850 2871
f 2694 2635 2848
f 2694 2848 2843
f 2709 2636 2849
f 2709 2849 2861
f 2634 2847 2850
f 2634 2850 2637
f 2875 2787 2852
f 2875 2852 2876
f 2636 2738 2871
f 2636 2871 2849
f 2833 2869 2870
f 2833 2870 2858
f 2858 2870 2743
f 2858 2743 2704
f 2831 2868 2869
f 2831 2869 2833
f 2823 2866 2868
f 2823 2868 2831
f 2824 2760 2863
f 2824 2863 2867
f 2768 2757 2862
f 2768 2862 2864
f 2849 2871 2865
f 2849 2865 2777
f 2777 2865 2864
f 2777 2864 2769
f 2791 2875 2876
f 2791 2876 2854
f 2619 2844 2846
f 2619 2846 2633
f 2844 2766 2773
f 2844 2773 2846
f 2789 2874 2875
f 2789 2875 2791
f 2785 2873 2874
f 2785 2874 2789
f 2754 2779 2872
f 2754 2872 2764
f 2766 2761 2771
f 2766 2771 2773
f 2854 2876 2750
f 2854 2750 2657
f 2752 2763 2771
f 2752 2771 2761
f 2899 2890 2882
f 2899 2882 2895
f 2969 2896 2884
f 2969 2884 2967
f 2970 2904 2896
f 2970 2896 2969
f 2695 2902 2897
f 2695 2897 2696
f 2997 2903 2895
f 2997 2895 2996
f 3011 2985 2919
f 3011 2919 3010
f 2980 2901 2903
f 2980 2903 2983
f 2993 2982 2904
f 2993 2904 2970
f 2715 2981 2902
f 2715 2902 2695
f 3005 2983 2903
f 3005 2903 2997
f 2915 2922 2930
f 2915 2930 2931
f 3007 2912 2914
f 3007 2914 3008
f 3008 2914 2921
f 3008 2921 3009
f 2962 2959 2931
f 2962 2931 2930
f 2988 2986 2926
f 2988 2926 2928
f 2991 2988 2928
f 2991 2928 2965
f 2894 2920 2913
f 2894 2913 2887
f 2968 2972 2952
f 2968 2952 2881
f 2878 2887 2913
f 2878 2913 2910
f 2978 2984 2920
f 2978 2920 2894
f 2974 2975 2955
f 2974 2955 2954
f 2929 2964 2962
f 2929 2962 2930
f 2992 2990 2966
f 2992 2966 2976
f 2924 2929 2930
f 2924 2930 2922
f 2903 2901 2899
f 2903 2899 2895
f 2936 2934 2935
f 2939 2934 2937
f 2940 2934 2933
f 2942 2934 2941
f 2937 2934 2936
f 2933 2934 2938
f 2941 2934 2940
f 2935 2934 2942
f 2937 2946 2948
f 2937 2948 2939
f 2938 2947 2943
f 2938 2943 2933
f 2936 2945 2946
f 2936 2946 2937
f 2942 2951 2944
f 2942 2944 2935
f 2935 2944 2945
f 2935 2945 2936
f 2941 2950 2951
f 2941 2951 2942
f 2933 2943 2949
f 2933 2949 2940
f 2940 2949 2950
f 2940 2950 2941
f 2996 2994 2884
f 2996 2884 2896
f 2659 2698 2881
f 2659 2881 2952
f 2660 2953 2954
f 2660 2954 2658
f 2658 2954 2955
f 2658 2955 2655
f 2729 2989 2956
f 2729 2956 2652
f 2889 2932 2960
f 2889 2960 2883
f 3000 2995 2883
f 3000 2883 2960
f 2999 2959 2962
f 2999 2962 3001
f 3001 2962 2964
f 3001 2964 3002
f 3004 2991 2965
f 3004 2965 3003
f 2973 2957 2961
f 2973 2961 2974
f 2897 2880 2697
f 2897 2697 2696
f 2953 2973 2974
f 2953 2974 2954
f 2989 2992 2976
f 2989 2976 2956
f 2961 2963 2975
f 2961 2975 2974
f 2885 2958 2972
f 2885 2972 2968
f 2981 2993 2970
f 2981 2970 2902
f 2902 2970 2969
f 2902 2969 2897
f 2897 2969 2967
f 2897 2967 2880
f 2907 2971 2993
f 2907 2993 2981
f 2955 2975 2992
f 2955 2992 2989
f 3002 2964 2991
f 3002 2991 3004
f 2655 2955 2989
f 2655 2989 2729
f 2975 2963 2990
f 2975 2990 2992
f 2892 2918 2984
f 2892 2984 2978
f 2916 2932 2889
f 2916 2889 3006
f 2964 2929 2988
f 2964 2988 2991
f 2929 2924 2986
f 2929 2986 2988
f 2998 2909 2983
f 2998 2983 3005
f 2694 2907 2981
f 2694 2981 2715
f 2971 2908 2982
f 2971 2982 2993
f 2906 2980 2983
f 2906 2983 2909
f 3009 2921 2985
f 3009 2985 3011
f 2908 2998 3005
f 2908 3005 2982
f 2963 3002 3004
f 2963 3004 2990
f 2990 3004 3003
f 2990 3003 2966
f 2961 3001 3002
f 2961 3002 2963
f 2957 2999 3001
f 2957 3001 2961
f 2958 2885 2995
f 2958 2995 3000
f 2895 2882 2994
f 2895 2994 2996
f 2982 3005 2997
f 2982 2997 2904
f 2904 2997 2996
f 2904 2996 2896
f 2925 3009 3011
f 2925 3011 2987
f 2891 2977 2979
f 2891 2979 2905
f 2977 2893 2900
f 2977 2900 2979
f 2923 3008 3009
f 2923 3009 2925
f 2917 3007 3008
f 2917 3008 2923
f 2879 2911 3006
f 2879 3006 2889
f 2893 2886 2898
f 2893 2898 2900
f 2987 3011 3010
f 2987 3010 2927
f 2877 2888 2898
f 2877 2898 2886
f 3032 3028 3017
f 3032 3017 3025
f 3089 3087 3019
f 3089 3019 3029
f 3090 3089 3029
f 3090 3029 3037
f 2827 2828 3030
f 2827 3030 3035
f 3115 3114 3028
f 3115 3028 3036
f 3126 3010 2919
f 3126 2919 3103
f 3098 3101 3036
f 3098 3036 3034
f 3111 3090 3037
f 3111 3037 3100
f 2843 2827 3035
f 2843 3035 3099
f 3121 3115 3036
f 3121 3036 3101
f 3043 3054 3053
f 3043 3053 3048
f 3123 3124 3042
f 3123 3042 3040
f 3124 3125 3047
f 3124 3047 3042
f 3084 3053 3054
f 3084 3054 3081
f 3106 2928 2926
f 3106 2926 3104
f 3109 2965 2928
f 3109 2928 3106
f 3027 3022 3041
f 3027 3041 3046
f 3088 3016 3075
f 3088 3075 3091
f 3013 3038 3041
f 3013 3041 3022
f 3096 3027 3046
f 3096 3046 3102
f 3093 3077 3078
f 3093 3078 3094
f 3052 3053 3084
f 3052 3084 3086
f 3110 2976 2966
f 3110 2966 3108
f 3050 3048 3053
f 3050 3053 3052
f 3036 3028 3032
f 3036 3032 3034
f 3060 3059 3058
f 3062 3061 3058
f 3063 3057 3058
f 3065 3064 3058
f 3061 3060 3058
f 3056 3062 3058
f 3064 3063 3058
f 3059 3065 3058
f 3061 3062 3071
f 3061 3071 3070
f 3062 3056 3066
f 3062 3066 3071
f 3060 3061 3070
f 3060 3070 3069
f 3065 3059 3068
f 3065 3068 3074
f 3059 3060 3069
f 3059 3069 3068
f 3064 3065 3074
f 3064 3074 3073
f 3057 3063 3072
f 3057 3072 3067
f 3063 3064 3073
f 3063 3073 3072
f 3114 3029 3019
f 3114 3019 3112
f 2794 3075 3016
f 2794 3016 2830
f 2795 2793 3077
f 2795 3077 3076
f 2793 2792 3078
f 2793 3078 3077
f 2857 2652 2956
f 2857 2956 3107
f 3024 3018 3082
f 3024 3082 3055
f 3117 3082 3018
f 3117 3018 3113
f 3116 3118 3084
f 3116 3084 3081
f 3118 3119 3086
f 3118 3086 3084
f 3120 3003 2965
f 3120 2965 3109
f 3092 3093 3083
f 3092 3083 3079
f 3030 2828 2829
f 3030 2829 3015
f 3076 3077 3093
f 3076 3093 3092
f 3107 2956 2976
f 3107 2976 3110
f 3083 3093 3094
f 3083 3094 3085
f 3020 3088 3091
f 3020 3091 3080
f 3099 3035 3090
f 3099 3090 3111
f 3035 3030 3089
f 3035 3089 3090
f 3030 3015 3087
f 3030 3087 3089
f 2907 3099 3111
f 2907 3111 2971
f 3078 3107 3110
f 3078 3110 3094
f 3119 3120 3109
f 3119 3109 3086
f 2792 2857 3107
f 2792 3107 3078
f 3094 3110 3108
f 3094 3108 3085
f 2892 3096 3102
f 2892 3102 2918
f 3044 3122 3024
f 3044 3024 3055
f 3086 3109 3106
f 3086 3106 3052
f 3052 3106 3104
f 3052 3104 3050
f 2998 3121 3101
f 2998 3101 2909
f 2694 2843 3099
f 2694 3099 2907
f 2971 3111 3100
f 2971 3100 2908
f 2906 2909 3101
f 2906 3101 3098
f 3125 3126 3103
f 3125 3103 3047
f 2908 3100 3121
f 2908 3121 2998
f 3085 3108 3120
f 3085 3120 3119
f 3108 2966 3003
f 3108 3003 3120
f 3083 3085 3119
f 3083 3119 3118
f 3079 3083 3118
f 3079 3118 3116
f 3080 3117 3113
f 3080 3113 3020
f 3028 3114 3112
f 3028 3112 3017
f 3100 3037 3115
f 3100 3115 3121
f 3037 3029 3114
f 3037 3114 3115
f 3051 3105 3126
f 3051 3126 3125
f 2891 2905 3097
f 2891 3097 3095
f 3095 3097 3033
f 3095 3033 3026
f 3049 3051 3125
f 3049 3125 3124
f 3045 3049 3124
f 3045 3124 3123
f 3014 3024 3122
f 3014 3122 3039
f 3026 3033 3031
f 3026 3031 3021
f 3105 2927 3010
f 3105 3010 3126
f 3012 3021 3031
f 3012 3031 3023
f 3202 3207 3133
f 3202 3133 3127
f 3130 3139 3209
f 3130 3209 3203
f 3203 3209 3137
f 3203 3137 3129
f 3131 3141 3211
f 3131 3211 3204
f 3204 3211 3139
f 3204 3139 3130
f 3127 3133 3213
f 3127 3213 3205
f 3202 3127 3152
f 3202 3152 3222
f 3205 3213 3141
f 3205 3141 3131
f 3134 3143 3214
f 3134 3214 3206
f 3206 3214 3142
f 3206 3142 3132
f 3138 3145 3215
f 3138 3215 3208
f 3208 3215 3144
f 3208 3144 3136
f 3140 3146 3216
f 3140 3216 3210
f 3210 3216 3145
f 3210 3145 3138
f 3132 3142 3217
f 3132 3217 3212
f 3212 3217 3146
f 3212 3146 3140
f 3143 3148 3218
f 3143 3218 3214
f 3214 3218 3147
f 3214 3147 3142
f 3145 3150 3219
f 3145 3219 3215
f 3215 3219 3149
f 3215 3149 3144
f 3146 3151 3220
f 3146 3220 3216
f 3216 3220 3150
f 3216 3150 3145
f 3142 3147 3221
f 3142 3221 3217
f 3217 3221 3151
f 3217 3151 3146
f 3226 3158 3153
f 3226 3153 3222
f 3159 3227 3223
f 3159 3223 3154
f 3130 3203 3223
f 3130 3223 3155
f 3203 3129 3154
f 3203 3154 3223
f 3227 3160 3155
f 3227 3155 3223
f 3160 3228 3224
f 3160 3224 3155
f 3131 3204 3224
f 3131 3224 3156
f 3204 3130 3155
f 3204 3155 3224
f 3228 3161 3156
f 3228 3156 3224
f 3161 3229 3225
f 3161 3225 3156
f 3127 3205 3225
f 3127 3225 3152
f 3205 3131 3156
f 3205 3156 3225
f 3229 3157 3152
f 3229 3152 3225
f 3162 3230 3226
f 3162 3226 3157
f 3230 3163 3158
f 3230 3158 3226
f 3164 3231 3227
f 3164 3227 3159
f 3231 3165 3160
f 3231 3160 3227
f 3165 3232 3228
f 3165 3228 3160
f 3232 3166 3161
f 3232 3161 3228
f 3166 3233 3229
f 3166 3229 3161
f 3233 3162 3157
f 3233 3157 3229
f 3167 3234 3230
f 3167 3230 3162
f 3234 3168 3163
f 3234 3163 3230
f 3169 3235 3231
f 3169 3231 3164
f 3235 3170 3165
f 3235 3165 3231
f 3170 3236 3232
f 3170 3232 3165
f 3236 3171 3166
f 3236 3166 3232
f 3171 3237 3233
f 3171 3233 3166
f 3237 3167 3162
f 3237 3162 3233
f 3128 3135 3207
f 3128 3207 3202
f 3234 3167 3187
f 3234 3187 3250
f 3238 3258 3198
f 3238 3198 3173
f 3174 3199 3259
f 3174 3259 3239
f 3238 3242 3177
f 3238 3177 3172
f 3175 3180 3243
f 3175 3243 3239
f 3239 3259 3200
f 3239 3200 3175
f 3175 3200 3260
f 3175 3260 3240
f 3239 3243 3179
f 3239 3179 3174
f 3176 3181 3244
f 3176 3244 3240
f 3240 3260 3201
f 3240 3201 3176
f 3176 3201 3261
f 3176 3261 3241
f 3240 3244 3180
f 3240 3180 3175
f 3172 3177 3245
f 3172 3245 3241
f 3241 3261 3197
f 3241 3197 3172
f 3173 3178 3242
f 3173 3242 3238
f 3241 3245 3181
f 3241 3181 3176
f 3178 3183 3246
f 3178 3246 3242
f 3242 3246 3182
f 3242 3182 3177
f 3180 3185 3247
f 3180 3247 3243
f 3243 3247 3184
f 3243 3184 3179
f 3181 3186 3248
f 3181 3248 3244
f 3244 3248 3185
f 3244 3185 3180
f 3177 3182 3249
f 3177 3249 3245
f 3245 3249 3186
f 3245 3186 3181
f 3183 3188 3250
f 3183 3250 3246
f 3246 3250 3187
f 3246 3187 3182
f 3185 3190 3251
f 3185 3251 3247
f 3247 3251 3189
f 3247 3189 3184
f 3186 3191 3252
f 3186 3252 3248
f 3248 3252 3190
f 3248 3190 3185
f 3182 3187 3253
f 3182 3253 3249
f 3249 3253 3191
f 3249 3191 3186
f 3170 3235 3251
f 3170 3251 3190
f 3235 3169 3189
f 3235 3189 3251
f 3171 3236 3252
f 3171 3252 3191
f 3236 3170 3190
f 3236 3190 3252
f 3167 3237 3253
f 3167 3253 3187
f 3237 3171 3191
f 3237 3191 3253
f 3128 3202 3222
f 3128 3222 3153
f 3148 3193 3254
f 3148 3254 3218
f 3218 3254 3192
f 3218 3192 3147
f 3150 3195 3255
f 3150 3255 3219
f 3219 3255 3194
f 3219 3194 3149
f 3151 3196 3256
f 3151 3256 3220
f 3220 3256 3195
f 3220 3195 3150
f 3147 3192 3257
f 3147 3257 3221
f 3221 3257 3196
f 3221 3196 3151
f 3157 3226 3222
f 3157 3222 3152
f 3168 3234 3250
f 3168 3250 3188
f 3172 3197 3258
f 3172 3258 3238
f 3322 3262 3267
f 3322 3267 3326
f 3265 3323 3327
f 3265 3327 3270
f 3323 3264 3269
f 3323 3269 3327
f 3266 3324 3328
f 3266 3328 3271
f 3324 3265 3270
f 3324 3270 3328
f 3262 3325 3329
f 3262 3329 3267
f 3322 3338 3282
f 3322 3282 3262
f 3325 3266 3271
f 3325 3271 3329
f 3268 3326 3330
f 3268 3330 3273
f 3326 3267 3272
f 3326 3272 3330
f 3270 3327 3331
f 3270 3331 3275
f 3327 3269 3274
f 3327 3274 3331
f 3271 3328 3332
f 3271 3332 3276
f 3328 3270 3275
f 3328 3275 3332
f 3267 3329 3333
f 3267 3333 3272
f 3329 3271 3276
f 3329 3276 3333
f 3273 3330 3334
f 3273 3334 3278
f 3330 3272 3277
f 3330 3277 3334
f 3275 3331 3335
f 3275 3335 3280
f 3331 3274 3279
f 3331 3279 3335
f 3276 3332 3336
f 3276 3336 3281
f 3332 3275 3280
f 3332 3280 3336
f 3272 3333 3337
f 3272 3337 3277
f 3333 3276 3281
f 3333 3281 3337
f 3342 3338 3283
f 3342 3283 3288
f 3289 3284 3339
f 3289 3339 3343
f 3265 3285 3339
f 3265 3339 3323
f 3323 3339 3284
f 3323 3284 3264
f 3343 3339 3285
f 3343 3285 3290
f 3290 3285 3340
f 3290 3340 3344
f 3266 3286 3340
f 3266 3340 3324
f 3324 3340 3285
f 3324 3285 3265
f 3344 3340 3286
f 3344 3286 3291
f 3291 3286 3341
f 3291 3341 3345
f 3262 3282 3341
f 3262 3341 3325
f 3325 3341 3286
f 3325 3286 3266
f 3345 3341 3282
f 3345 3282 3287
f 3292 3287 3342
f 3292 3342 3346
f 3346 3342 3288
f 3346 3288 3293
f 3294 3289 3343
f 3294 3343 3347
f 3347 3343 3290
f 3347 3290 3295
f 3295 3290 3344
f 3295 3344 3348
f 3348 3344 3291
f 3348 3291 3296
f 3296 3291 3345
f 3296 3345 3349
f 3349 3345 3287
f 3349 3287 3292
f 3297 3292 3346
f 3297 3346 3350
f 3350 3346 3293
f 3350 3293 3298
f 3299 3294 3347
f 3299 3347 3351
f 3351 3347 3295
f 3351 3295 3300
f 3300 3295 3348
f 3300 3348 3352
f 3352 3348 3296
f 3352 3296 3301
f 3301 3296 3349
f 3301 3349 3353
f 3353 3349 3292
f 3353 3292 3297
f 3263 3322 3326
f 3263 3326 3268
f 3350 3366 3317
f 3350 3317 3297
f 3354 3303 3198
f 3354 3198 3258
f 3304 3355 3259
f 3304 3259 3199
f 3354 3302 3307
f 3354 3307 3358
f 3305 3355 3359
f 3305 3359 3310
f 3355 3305 3200
f 3355 3200 3259
f 3305 3356 3260
f 3305 3260 3200
f 3355 3304 3309
f 3355 3309 3359
f 3306 3356 3360
f 3306 3360 3311
f 3356 3306 3201
f 3356 3201 3260
f 3306 3357 3261
f 3306 3261 3201
f 3356 3305 3310
f 3356 3310 3360
f 3302 3357 3361
f 3302 3361 3307
f 3357 3302 3197
f 3357 3197 3261
f 3303 3354 3358
f 3303 3358 3308
f 3357 3306 3311
f 3357 3311 3361
f 3308 3358 3362
f 3308 3362 3313
f 3358 3307 3312
f 3358 3312 3362
f 3310 3359 3363
f 3310 3363 3315
f 3359 3309 3314
f 3359 3314 3363
f 3311 3360 3364
f 3311 3364 3316
f 3360 3310 3315
f 3360 3315 3364
f 3307 3361 3365
f 3307 3365 3312
f 3361 3311 3316
f 3361 3316 3365
f 3313 3362 3366
f 3313 3366 3318
f 3362 3312 3317
f 3362 3317 3366
f 3315 3363 3367
f 3315 3367 3320
f 3363 3314 3319
f 3363 3319 3367
f 3316 3364 3368
f 3316 3368 3321
f 3364 3315 3320
f 3364 3320 3368
f 3312 3365 3369
f 3312 3369 3317
f 3365 3316 3321
f 3365 3321 3369
f 3300 3320 3367
f 3300 3367 3351
f 3351 3367 3319
f 3351 3319 3299
f 3301 3321 3368
f 3301 3368 3352
f 3352 3368 3320
f 3352 3320 3300
f 3297 3317 3369
f 3297 3369 3353
f 3353 3369 3321
f 3353 3321 3301
f 3263 3283 3338
f 3263 3338 3322
f 3278 3334 3254
f 3278 3254 3193
f 3334 3277 3192
f 3334 3192 3254
f 3280 3335 3255
f 3280 3255 3195
f 3335 3279 3194
f 3335 3194 3255
f 3281 3336 3256
f 3281 3256 3196
f 3336 3280 3195
f 3336 3195 3256
f 3277 3337 3257
f 3277 3257 3192
f 3337 3281 3196
f 3337 3196 3257
f 3287 3282 3338
f 3287 3338 3342
f 3298 3318 3366
f 3298 3366 3350
f 3302 3354 3258
f 3302 3258 3197

